user_id,segment,reorder_ratio,total_orders,days_since_prior_order_stats,basket_size_stats,dow_counts,hour_counts,department_counts,aisle_counts,actual_purchases,hits_products,precision,recall,rec_rank,rec_product_name,rec_taste_score,rec_reason_tags
129884,신규/비정기 고객,14.81%,4,"평균 17.0일, 최소 8일, 최대 30일","평균 27.0개, 최소 27개, 최대 27개",토:2; 일:1; 월:1,14시:1; 15시:1; 17시:1; 19시:1,produce:5; dairy eggs:5; frozen:5; snacks:3; canned goods:2; pantry:2; bakery:2; beverages:1; breakfast:1; dry goods pasta:1,fresh vegetables:3; energy granola bars:2; butter:2; other creams cheeses:1; frozen produce:1; frozen appetizers sides:1; frozen breakfast:1; frozen vegan vegetarian:1; chips pretzels:1; soy lactosefree:1; spices seasonings:1; fresh fruits:1; soup broth bouillon:1; breakfast bakery:1; bread:1; baking ingredients:1; eggs:1; canned meals beans:1; instant foods:1; cereal:1; ice cream ice:1; water seltzer sparkling water:1; packaged vegetables fruits:1,"Organic Raspberries; Pizza Poppers, Three Cheese; Organic Whole Strawberries; Disinfecting Multi-Surface Cleaner Lemongrass Citrus Scent; Lavender Scent Surface Scrub; Organic Gala Apples; Organic Baby Spinach; Peanut Butter Egg White Protein Bar; Organic Sliced Peaches; Organic Cucumber; Bag of Organic Bananas; Organic Promise Berry Fruitful Cereal; Organic Red Radish, Bunch; Organic Macaroni Shells & Real Aged Cheddar",Bag of Organic Bananas; Organic Raspberries; Organic Baby Spinach,0.3,0.21428571428571427,1,Banana,67.9점,#비슷한취향_30명_구매 #성공적인_첫걸음 #활동고객_인기상품 #최근_관심사_연관
129884,신규/비정기 고객,14.81%,4,"평균 17.0일, 최소 8일, 최대 30일","평균 27.0개, 최소 27개, 최대 27개",토:2; 일:1; 월:1,14시:1; 15시:1; 17시:1; 19시:1,produce:5; dairy eggs:5; frozen:5; snacks:3; canned goods:2; pantry:2; bakery:2; beverages:1; breakfast:1; dry goods pasta:1,fresh vegetables:3; energy granola bars:2; butter:2; other creams cheeses:1; frozen produce:1; frozen appetizers sides:1; frozen breakfast:1; frozen vegan vegetarian:1; chips pretzels:1; soy lactosefree:1; spices seasonings:1; fresh fruits:1; soup broth bouillon:1; breakfast bakery:1; bread:1; baking ingredients:1; eggs:1; canned meals beans:1; instant foods:1; cereal:1; ice cream ice:1; water seltzer sparkling water:1; packaged vegetables fruits:1,"Organic Raspberries; Pizza Poppers, Three Cheese; Organic Whole Strawberries; Disinfecting Multi-Surface Cleaner Lemongrass Citrus Scent; Lavender Scent Surface Scrub; Organic Gala Apples; Organic Baby Spinach; Peanut Butter Egg White Protein Bar; Organic Sliced Peaches; Organic Cucumber; Bag of Organic Bananas; Organic Promise Berry Fruitful Cereal; Organic Red Radish, Bunch; Organic Macaroni Shells & Real Aged Cheddar",Bag of Organic Bananas; Organic Raspberries; Organic Baby Spinach,0.3,0.21428571428571427,2,Bag of Organic Bananas,65.9점,#비슷한취향_28명_구매 #성공적인_첫걸음 #활동고객_인기상품 #최근_관심사_연관
129884,신규/비정기 고객,14.81%,4,"평균 17.0일, 최소 8일, 최대 30일","평균 27.0개, 최소 27개, 최대 27개",토:2; 일:1; 월:1,14시:1; 15시:1; 17시:1; 19시:1,produce:5; dairy eggs:5; frozen:5; snacks:3; canned goods:2; pantry:2; bakery:2; beverages:1; breakfast:1; dry goods pasta:1,fresh vegetables:3; energy granola bars:2; butter:2; other creams cheeses:1; frozen produce:1; frozen appetizers sides:1; frozen breakfast:1; frozen vegan vegetarian:1; chips pretzels:1; soy lactosefree:1; spices seasonings:1; fresh fruits:1; soup broth bouillon:1; breakfast bakery:1; bread:1; baking ingredients:1; eggs:1; canned meals beans:1; instant foods:1; cereal:1; ice cream ice:1; water seltzer sparkling water:1; packaged vegetables fruits:1,"Organic Raspberries; Pizza Poppers, Three Cheese; Organic Whole Strawberries; Disinfecting Multi-Surface Cleaner Lemongrass Citrus Scent; Lavender Scent Surface Scrub; Organic Gala Apples; Organic Baby Spinach; Peanut Butter Egg White Protein Bar; Organic Sliced Peaches; Organic Cucumber; Bag of Organic Bananas; Organic Promise Berry Fruitful Cereal; Organic Red Radish, Bunch; Organic Macaroni Shells & Real Aged Cheddar",Bag of Organic Bananas; Organic Raspberries; Organic Baby Spinach,0.3,0.21428571428571427,3,Organic Strawberries,63.6점,#비슷한취향_21명_구매 #성공적인_첫걸음 #활동고객_인기상품 #최근_관심사_연관
129884,신규/비정기 고객,14.81%,4,"평균 17.0일, 최소 8일, 최대 30일","평균 27.0개, 최소 27개, 최대 27개",토:2; 일:1; 월:1,14시:1; 15시:1; 17시:1; 19시:1,produce:5; dairy eggs:5; frozen:5; snacks:3; canned goods:2; pantry:2; bakery:2; beverages:1; breakfast:1; dry goods pasta:1,fresh vegetables:3; energy granola bars:2; butter:2; other creams cheeses:1; frozen produce:1; frozen appetizers sides:1; frozen breakfast:1; frozen vegan vegetarian:1; chips pretzels:1; soy lactosefree:1; spices seasonings:1; fresh fruits:1; soup broth bouillon:1; breakfast bakery:1; bread:1; baking ingredients:1; eggs:1; canned meals beans:1; instant foods:1; cereal:1; ice cream ice:1; water seltzer sparkling water:1; packaged vegetables fruits:1,"Organic Raspberries; Pizza Poppers, Three Cheese; Organic Whole Strawberries; Disinfecting Multi-Surface Cleaner Lemongrass Citrus Scent; Lavender Scent Surface Scrub; Organic Gala Apples; Organic Baby Spinach; Peanut Butter Egg White Protein Bar; Organic Sliced Peaches; Organic Cucumber; Bag of Organic Bananas; Organic Promise Berry Fruitful Cereal; Organic Red Radish, Bunch; Organic Macaroni Shells & Real Aged Cheddar",Bag of Organic Bananas; Organic Raspberries; Organic Baby Spinach,0.3,0.21428571428571427,4,Organic Baby Spinach,63.0점,#비슷한취향_19명_구매 #성공적인_첫걸음 #활동고객_인기상품 #최근_관심사_연관
129884,신규/비정기 고객,14.81%,4,"평균 17.0일, 최소 8일, 최대 30일","평균 27.0개, 최소 27개, 최대 27개",토:2; 일:1; 월:1,14시:1; 15시:1; 17시:1; 19시:1,produce:5; dairy eggs:5; frozen:5; snacks:3; canned goods:2; pantry:2; bakery:2; beverages:1; breakfast:1; dry goods pasta:1,fresh vegetables:3; energy granola bars:2; butter:2; other creams cheeses:1; frozen produce:1; frozen appetizers sides:1; frozen breakfast:1; frozen vegan vegetarian:1; chips pretzels:1; soy lactosefree:1; spices seasonings:1; fresh fruits:1; soup broth bouillon:1; breakfast bakery:1; bread:1; baking ingredients:1; eggs:1; canned meals beans:1; instant foods:1; cereal:1; ice cream ice:1; water seltzer sparkling water:1; packaged vegetables fruits:1,"Organic Raspberries; Pizza Poppers, Three Cheese; Organic Whole Strawberries; Disinfecting Multi-Surface Cleaner Lemongrass Citrus Scent; Lavender Scent Surface Scrub; Organic Gala Apples; Organic Baby Spinach; Peanut Butter Egg White Protein Bar; Organic Sliced Peaches; Organic Cucumber; Bag of Organic Bananas; Organic Promise Berry Fruitful Cereal; Organic Red Radish, Bunch; Organic Macaroni Shells & Real Aged Cheddar",Bag of Organic Bananas; Organic Raspberries; Organic Baby Spinach,0.3,0.21428571428571427,5,Organic Hass Avocado,61.0점,#비슷한취향_16명_구매 #성공적인_첫걸음 #활동고객_인기상품 #최근_관심사_연관
129884,신규/비정기 고객,14.81%,4,"평균 17.0일, 최소 8일, 최대 30일","평균 27.0개, 최소 27개, 최대 27개",토:2; 일:1; 월:1,14시:1; 15시:1; 17시:1; 19시:1,produce:5; dairy eggs:5; frozen:5; snacks:3; canned goods:2; pantry:2; bakery:2; beverages:1; breakfast:1; dry goods pasta:1,fresh vegetables:3; energy granola bars:2; butter:2; other creams cheeses:1; frozen produce:1; frozen appetizers sides:1; frozen breakfast:1; frozen vegan vegetarian:1; chips pretzels:1; soy lactosefree:1; spices seasonings:1; fresh fruits:1; soup broth bouillon:1; breakfast bakery:1; bread:1; baking ingredients:1; eggs:1; canned meals beans:1; instant foods:1; cereal:1; ice cream ice:1; water seltzer sparkling water:1; packaged vegetables fruits:1,"Organic Raspberries; Pizza Poppers, Three Cheese; Organic Whole Strawberries; Disinfecting Multi-Surface Cleaner Lemongrass Citrus Scent; Lavender Scent Surface Scrub; Organic Gala Apples; Organic Baby Spinach; Peanut Butter Egg White Protein Bar; Organic Sliced Peaches; Organic Cucumber; Bag of Organic Bananas; Organic Promise Berry Fruitful Cereal; Organic Red Radish, Bunch; Organic Macaroni Shells & Real Aged Cheddar",Bag of Organic Bananas; Organic Raspberries; Organic Baby Spinach,0.3,0.21428571428571427,6,Organic Avocado,60.3점,#비슷한취향_10명_구매 #성공적인_첫걸음 #활동고객_인기상품 #최근_관심사_연관
129884,신규/비정기 고객,14.81%,4,"평균 17.0일, 최소 8일, 최대 30일","평균 27.0개, 최소 27개, 최대 27개",토:2; 일:1; 월:1,14시:1; 15시:1; 17시:1; 19시:1,produce:5; dairy eggs:5; frozen:5; snacks:3; canned goods:2; pantry:2; bakery:2; beverages:1; breakfast:1; dry goods pasta:1,fresh vegetables:3; energy granola bars:2; butter:2; other creams cheeses:1; frozen produce:1; frozen appetizers sides:1; frozen breakfast:1; frozen vegan vegetarian:1; chips pretzels:1; soy lactosefree:1; spices seasonings:1; fresh fruits:1; soup broth bouillon:1; breakfast bakery:1; bread:1; baking ingredients:1; eggs:1; canned meals beans:1; instant foods:1; cereal:1; ice cream ice:1; water seltzer sparkling water:1; packaged vegetables fruits:1,"Organic Raspberries; Pizza Poppers, Three Cheese; Organic Whole Strawberries; Disinfecting Multi-Surface Cleaner Lemongrass Citrus Scent; Lavender Scent Surface Scrub; Organic Gala Apples; Organic Baby Spinach; Peanut Butter Egg White Protein Bar; Organic Sliced Peaches; Organic Cucumber; Bag of Organic Bananas; Organic Promise Berry Fruitful Cereal; Organic Red Radish, Bunch; Organic Macaroni Shells & Real Aged Cheddar",Bag of Organic Bananas; Organic Raspberries; Organic Baby Spinach,0.3,0.21428571428571427,7,Limes,60.0점,#비슷한취향_15명_구매 #성공적인_첫걸음 #활동고객_인기상품 #최근_관심사_연관
129884,신규/비정기 고객,14.81%,4,"평균 17.0일, 최소 8일, 최대 30일","평균 27.0개, 최소 27개, 최대 27개",토:2; 일:1; 월:1,14시:1; 15시:1; 17시:1; 19시:1,produce:5; dairy eggs:5; frozen:5; snacks:3; canned goods:2; pantry:2; bakery:2; beverages:1; breakfast:1; dry goods pasta:1,fresh vegetables:3; energy granola bars:2; butter:2; other creams cheeses:1; frozen produce:1; frozen appetizers sides:1; frozen breakfast:1; frozen vegan vegetarian:1; chips pretzels:1; soy lactosefree:1; spices seasonings:1; fresh fruits:1; soup broth bouillon:1; breakfast bakery:1; bread:1; baking ingredients:1; eggs:1; canned meals beans:1; instant foods:1; cereal:1; ice cream ice:1; water seltzer sparkling water:1; packaged vegetables fruits:1,"Organic Raspberries; Pizza Poppers, Three Cheese; Organic Whole Strawberries; Disinfecting Multi-Surface Cleaner Lemongrass Citrus Scent; Lavender Scent Surface Scrub; Organic Gala Apples; Organic Baby Spinach; Peanut Butter Egg White Protein Bar; Organic Sliced Peaches; Organic Cucumber; Bag of Organic Bananas; Organic Promise Berry Fruitful Cereal; Organic Red Radish, Bunch; Organic Macaroni Shells & Real Aged Cheddar",Bag of Organic Bananas; Organic Raspberries; Organic Baby Spinach,0.3,0.21428571428571427,8,Organic Zucchini,59.4점,#비슷한취향_11명_구매 #성공적인_첫걸음 #활동고객_인기상품 #최근_관심사_연관
129884,신규/비정기 고객,14.81%,4,"평균 17.0일, 최소 8일, 최대 30일","평균 27.0개, 최소 27개, 최대 27개",토:2; 일:1; 월:1,14시:1; 15시:1; 17시:1; 19시:1,produce:5; dairy eggs:5; frozen:5; snacks:3; canned goods:2; pantry:2; bakery:2; beverages:1; breakfast:1; dry goods pasta:1,fresh vegetables:3; energy granola bars:2; butter:2; other creams cheeses:1; frozen produce:1; frozen appetizers sides:1; frozen breakfast:1; frozen vegan vegetarian:1; chips pretzels:1; soy lactosefree:1; spices seasonings:1; fresh fruits:1; soup broth bouillon:1; breakfast bakery:1; bread:1; baking ingredients:1; eggs:1; canned meals beans:1; instant foods:1; cereal:1; ice cream ice:1; water seltzer sparkling water:1; packaged vegetables fruits:1,"Organic Raspberries; Pizza Poppers, Three Cheese; Organic Whole Strawberries; Disinfecting Multi-Surface Cleaner Lemongrass Citrus Scent; Lavender Scent Surface Scrub; Organic Gala Apples; Organic Baby Spinach; Peanut Butter Egg White Protein Bar; Organic Sliced Peaches; Organic Cucumber; Bag of Organic Bananas; Organic Promise Berry Fruitful Cereal; Organic Red Radish, Bunch; Organic Macaroni Shells & Real Aged Cheddar",Bag of Organic Bananas; Organic Raspberries; Organic Baby Spinach,0.3,0.21428571428571427,9,Large Lemon,59.0점,#비슷한취향_10명_구매 #성공적인_첫걸음 #활동고객_인기상품 #최근_관심사_연관
129884,신규/비정기 고객,14.81%,4,"평균 17.0일, 최소 8일, 최대 30일","평균 27.0개, 최소 27개, 최대 27개",토:2; 일:1; 월:1,14시:1; 15시:1; 17시:1; 19시:1,produce:5; dairy eggs:5; frozen:5; snacks:3; canned goods:2; pantry:2; bakery:2; beverages:1; breakfast:1; dry goods pasta:1,fresh vegetables:3; energy granola bars:2; butter:2; other creams cheeses:1; frozen produce:1; frozen appetizers sides:1; frozen breakfast:1; frozen vegan vegetarian:1; chips pretzels:1; soy lactosefree:1; spices seasonings:1; fresh fruits:1; soup broth bouillon:1; breakfast bakery:1; bread:1; baking ingredients:1; eggs:1; canned meals beans:1; instant foods:1; cereal:1; ice cream ice:1; water seltzer sparkling water:1; packaged vegetables fruits:1,"Organic Raspberries; Pizza Poppers, Three Cheese; Organic Whole Strawberries; Disinfecting Multi-Surface Cleaner Lemongrass Citrus Scent; Lavender Scent Surface Scrub; Organic Gala Apples; Organic Baby Spinach; Peanut Butter Egg White Protein Bar; Organic Sliced Peaches; Organic Cucumber; Bag of Organic Bananas; Organic Promise Berry Fruitful Cereal; Organic Red Radish, Bunch; Organic Macaroni Shells & Real Aged Cheddar",Bag of Organic Bananas; Organic Raspberries; Organic Baby Spinach,0.3,0.21428571428571427,10,Organic Raspberries,57.8점,#비슷한취향_7명_구매 #활동고객_인기상품 #최근_관심사_연관
24149,활동 고객,85.00%,24,"평균 10.1일, 최소 3일, 최대 28일","평균 20.0개, 최소 20개, 최대 20개",월:8; 목:5; 수:4; 화:4; 토:2; 일:1,0시:2; 10시:5; 11시:3; 12시:4; 14시:5; 15시:1; 16시:3; 19시:1,produce:9; dairy eggs:4; beverages:1; canned goods:1; frozen:1; dry goods pasta:1; bakery:1; meat seafood:1; international:1,fresh fruits:4; fresh vegetables:3; soy lactosefree:2; packaged vegetables fruits:2; water seltzer sparkling water:1; canned meals beans:1; frozen pizza:1; fresh pasta:1; bread:1; milk:1; poultry counter:1; packaged cheese:1; latino foods:1,Organic Paprika; Organic Grape Tomatoes; Cheese Pizza; Organic Baby Spinach; Organic Strawberries; Organic American Cheese Singles; Lowfat Small Curd Cottage Cheese; Natural Artisan Water; Organic Cucumber; Michigan Organic Kale; Organic Creamy Peanut Butter; Organic Raspberry Yogurt; Grated Parmesan; Organic Small Bunch Celery; Organic Mushroom & Olive Pizza; Apple Honeycrisp Organic; Organic Low Sodium Chicken Broth; Gallon Freezer Bags; Organic Hass Avocado; Organic Lemon; Bag of Organic Bananas; Clean Day Basil Hand Soap; Total 2% Lowfat Greek Strained Yogurt with Peach,Organic Hass Avocado; Organic Strawberries; Organic Baby Spinach,0.3,0.125,1,Banana,67.9점,#비슷한취향_30명_구매 #성공적인_첫걸음 #활동고객_인기상품 #최근_관심사_연관
24149,활동 고객,85.00%,24,"평균 10.1일, 최소 3일, 최대 28일","평균 20.0개, 최소 20개, 최대 20개",월:8; 목:5; 수:4; 화:4; 토:2; 일:1,0시:2; 10시:5; 11시:3; 12시:4; 14시:5; 15시:1; 16시:3; 19시:1,produce:9; dairy eggs:4; beverages:1; canned goods:1; frozen:1; dry goods pasta:1; bakery:1; meat seafood:1; international:1,fresh fruits:4; fresh vegetables:3; soy lactosefree:2; packaged vegetables fruits:2; water seltzer sparkling water:1; canned meals beans:1; frozen pizza:1; fresh pasta:1; bread:1; milk:1; poultry counter:1; packaged cheese:1; latino foods:1,Organic Paprika; Organic Grape Tomatoes; Cheese Pizza; Organic Baby Spinach; Organic Strawberries; Organic American Cheese Singles; Lowfat Small Curd Cottage Cheese; Natural Artisan Water; Organic Cucumber; Michigan Organic Kale; Organic Creamy Peanut Butter; Organic Raspberry Yogurt; Grated Parmesan; Organic Small Bunch Celery; Organic Mushroom & Olive Pizza; Apple Honeycrisp Organic; Organic Low Sodium Chicken Broth; Gallon Freezer Bags; Organic Hass Avocado; Organic Lemon; Bag of Organic Bananas; Clean Day Basil Hand Soap; Total 2% Lowfat Greek Strained Yogurt with Peach,Organic Hass Avocado; Organic Strawberries; Organic Baby Spinach,0.3,0.125,2,Organic Strawberries,64.5점,#비슷한취향_25명_구매 #성공적인_첫걸음 #활동고객_인기상품 #최근_관심사_연관
24149,활동 고객,85.00%,24,"평균 10.1일, 최소 3일, 최대 28일","평균 20.0개, 최소 20개, 최대 20개",월:8; 목:5; 수:4; 화:4; 토:2; 일:1,0시:2; 10시:5; 11시:3; 12시:4; 14시:5; 15시:1; 16시:3; 19시:1,produce:9; dairy eggs:4; beverages:1; canned goods:1; frozen:1; dry goods pasta:1; bakery:1; meat seafood:1; international:1,fresh fruits:4; fresh vegetables:3; soy lactosefree:2; packaged vegetables fruits:2; water seltzer sparkling water:1; canned meals beans:1; frozen pizza:1; fresh pasta:1; bread:1; milk:1; poultry counter:1; packaged cheese:1; latino foods:1,Organic Paprika; Organic Grape Tomatoes; Cheese Pizza; Organic Baby Spinach; Organic Strawberries; Organic American Cheese Singles; Lowfat Small Curd Cottage Cheese; Natural Artisan Water; Organic Cucumber; Michigan Organic Kale; Organic Creamy Peanut Butter; Organic Raspberry Yogurt; Grated Parmesan; Organic Small Bunch Celery; Organic Mushroom & Olive Pizza; Apple Honeycrisp Organic; Organic Low Sodium Chicken Broth; Gallon Freezer Bags; Organic Hass Avocado; Organic Lemon; Bag of Organic Bananas; Clean Day Basil Hand Soap; Total 2% Lowfat Greek Strained Yogurt with Peach,Organic Hass Avocado; Organic Strawberries; Organic Baby Spinach,0.3,0.125,3,Organic Baby Spinach,63.7점,#비슷한취향_22명_구매 #성공적인_첫걸음 #활동고객_인기상품 #최근_관심사_연관
24149,활동 고객,85.00%,24,"평균 10.1일, 최소 3일, 최대 28일","평균 20.0개, 최소 20개, 최대 20개",월:8; 목:5; 수:4; 화:4; 토:2; 일:1,0시:2; 10시:5; 11시:3; 12시:4; 14시:5; 15시:1; 16시:3; 19시:1,produce:9; dairy eggs:4; beverages:1; canned goods:1; frozen:1; dry goods pasta:1; bakery:1; meat seafood:1; international:1,fresh fruits:4; fresh vegetables:3; soy lactosefree:2; packaged vegetables fruits:2; water seltzer sparkling water:1; canned meals beans:1; frozen pizza:1; fresh pasta:1; bread:1; milk:1; poultry counter:1; packaged cheese:1; latino foods:1,Organic Paprika; Organic Grape Tomatoes; Cheese Pizza; Organic Baby Spinach; Organic Strawberries; Organic American Cheese Singles; Lowfat Small Curd Cottage Cheese; Natural Artisan Water; Organic Cucumber; Michigan Organic Kale; Organic Creamy Peanut Butter; Organic Raspberry Yogurt; Grated Parmesan; Organic Small Bunch Celery; Organic Mushroom & Olive Pizza; Apple Honeycrisp Organic; Organic Low Sodium Chicken Broth; Gallon Freezer Bags; Organic Hass Avocado; Organic Lemon; Bag of Organic Bananas; Clean Day Basil Hand Soap; Total 2% Lowfat Greek Strained Yogurt with Peach,Organic Hass Avocado; Organic Strawberries; Organic Baby Spinach,0.3,0.125,4,Organic Hass Avocado,62.6점,#비슷한취향_22명_구매 #성공적인_첫걸음 #활동고객_인기상품 #최근_관심사_연관
24149,활동 고객,85.00%,24,"평균 10.1일, 최소 3일, 최대 28일","평균 20.0개, 최소 20개, 최대 20개",월:8; 목:5; 수:4; 화:4; 토:2; 일:1,0시:2; 10시:5; 11시:3; 12시:4; 14시:5; 15시:1; 16시:3; 19시:1,produce:9; dairy eggs:4; beverages:1; canned goods:1; frozen:1; dry goods pasta:1; bakery:1; meat seafood:1; international:1,fresh fruits:4; fresh vegetables:3; soy lactosefree:2; packaged vegetables fruits:2; water seltzer sparkling water:1; canned meals beans:1; frozen pizza:1; fresh pasta:1; bread:1; milk:1; poultry counter:1; packaged cheese:1; latino foods:1,Organic Paprika; Organic Grape Tomatoes; Cheese Pizza; Organic Baby Spinach; Organic Strawberries; Organic American Cheese Singles; Lowfat Small Curd Cottage Cheese; Natural Artisan Water; Organic Cucumber; Michigan Organic Kale; Organic Creamy Peanut Butter; Organic Raspberry Yogurt; Grated Parmesan; Organic Small Bunch Celery; Organic Mushroom & Olive Pizza; Apple Honeycrisp Organic; Organic Low Sodium Chicken Broth; Gallon Freezer Bags; Organic Hass Avocado; Organic Lemon; Bag of Organic Bananas; Clean Day Basil Hand Soap; Total 2% Lowfat Greek Strained Yogurt with Peach,Organic Hass Avocado; Organic Strawberries; Organic Baby Spinach,0.3,0.125,5,Organic Baby Arugula,62.5점,#비슷한취향_38명_구매 #활동고객_인기상품 #최근_관심사_연관
24149,활동 고객,85.00%,24,"평균 10.1일, 최소 3일, 최대 28일","평균 20.0개, 최소 20개, 최대 20개",월:8; 목:5; 수:4; 화:4; 토:2; 일:1,0시:2; 10시:5; 11시:3; 12시:4; 14시:5; 15시:1; 16시:3; 19시:1,produce:9; dairy eggs:4; beverages:1; canned goods:1; frozen:1; dry goods pasta:1; bakery:1; meat seafood:1; international:1,fresh fruits:4; fresh vegetables:3; soy lactosefree:2; packaged vegetables fruits:2; water seltzer sparkling water:1; canned meals beans:1; frozen pizza:1; fresh pasta:1; bread:1; milk:1; poultry counter:1; packaged cheese:1; latino foods:1,Organic Paprika; Organic Grape Tomatoes; Cheese Pizza; Organic Baby Spinach; Organic Strawberries; Organic American Cheese Singles; Lowfat Small Curd Cottage Cheese; Natural Artisan Water; Organic Cucumber; Michigan Organic Kale; Organic Creamy Peanut Butter; Organic Raspberry Yogurt; Grated Parmesan; Organic Small Bunch Celery; Organic Mushroom & Olive Pizza; Apple Honeycrisp Organic; Organic Low Sodium Chicken Broth; Gallon Freezer Bags; Organic Hass Avocado; Organic Lemon; Bag of Organic Bananas; Clean Day Basil Hand Soap; Total 2% Lowfat Greek Strained Yogurt with Peach,Organic Hass Avocado; Organic Strawberries; Organic Baby Spinach,0.3,0.125,6,Organic Raspberries,60.3점,#비슷한취향_17명_구매 #활동고객_인기상품 #최근_관심사_연관
24149,활동 고객,85.00%,24,"평균 10.1일, 최소 3일, 최대 28일","평균 20.0개, 최소 20개, 최대 20개",월:8; 목:5; 수:4; 화:4; 토:2; 일:1,0시:2; 10시:5; 11시:3; 12시:4; 14시:5; 15시:1; 16시:3; 19시:1,produce:9; dairy eggs:4; beverages:1; canned goods:1; frozen:1; dry goods pasta:1; bakery:1; meat seafood:1; international:1,fresh fruits:4; fresh vegetables:3; soy lactosefree:2; packaged vegetables fruits:2; water seltzer sparkling water:1; canned meals beans:1; frozen pizza:1; fresh pasta:1; bread:1; milk:1; poultry counter:1; packaged cheese:1; latino foods:1,Organic Paprika; Organic Grape Tomatoes; Cheese Pizza; Organic Baby Spinach; Organic Strawberries; Organic American Cheese Singles; Lowfat Small Curd Cottage Cheese; Natural Artisan Water; Organic Cucumber; Michigan Organic Kale; Organic Creamy Peanut Butter; Organic Raspberry Yogurt; Grated Parmesan; Organic Small Bunch Celery; Organic Mushroom & Olive Pizza; Apple Honeycrisp Organic; Organic Low Sodium Chicken Broth; Gallon Freezer Bags; Organic Hass Avocado; Organic Lemon; Bag of Organic Bananas; Clean Day Basil Hand Soap; Total 2% Lowfat Greek Strained Yogurt with Peach,Organic Hass Avocado; Organic Strawberries; Organic Baby Spinach,0.3,0.125,7,Organic Avocado,59.8점,#비슷한취향_9명_구매 #성공적인_첫걸음 #활동고객_인기상품 #최근_관심사_연관
24149,활동 고객,85.00%,24,"평균 10.1일, 최소 3일, 최대 28일","평균 20.0개, 최소 20개, 최대 20개",월:8; 목:5; 수:4; 화:4; 토:2; 일:1,0시:2; 10시:5; 11시:3; 12시:4; 14시:5; 15시:1; 16시:3; 19시:1,produce:9; dairy eggs:4; beverages:1; canned goods:1; frozen:1; dry goods pasta:1; bakery:1; meat seafood:1; international:1,fresh fruits:4; fresh vegetables:3; soy lactosefree:2; packaged vegetables fruits:2; water seltzer sparkling water:1; canned meals beans:1; frozen pizza:1; fresh pasta:1; bread:1; milk:1; poultry counter:1; packaged cheese:1; latino foods:1,Organic Paprika; Organic Grape Tomatoes; Cheese Pizza; Organic Baby Spinach; Organic Strawberries; Organic American Cheese Singles; Lowfat Small Curd Cottage Cheese; Natural Artisan Water; Organic Cucumber; Michigan Organic Kale; Organic Creamy Peanut Butter; Organic Raspberry Yogurt; Grated Parmesan; Organic Small Bunch Celery; Organic Mushroom & Olive Pizza; Apple Honeycrisp Organic; Organic Low Sodium Chicken Broth; Gallon Freezer Bags; Organic Hass Avocado; Organic Lemon; Bag of Organic Bananas; Clean Day Basil Hand Soap; Total 2% Lowfat Greek Strained Yogurt with Peach,Organic Hass Avocado; Organic Strawberries; Organic Baby Spinach,0.3,0.125,8,Large Lemon,59.2점,#비슷한취향_11명_구매 #성공적인_첫걸음 #활동고객_인기상품 #최근_관심사_연관
24149,활동 고객,85.00%,24,"평균 10.1일, 최소 3일, 최대 28일","평균 20.0개, 최소 20개, 최대 20개",월:8; 목:5; 수:4; 화:4; 토:2; 일:1,0시:2; 10시:5; 11시:3; 12시:4; 14시:5; 15시:1; 16시:3; 19시:1,produce:9; dairy eggs:4; beverages:1; canned goods:1; frozen:1; dry goods pasta:1; bakery:1; meat seafood:1; international:1,fresh fruits:4; fresh vegetables:3; soy lactosefree:2; packaged vegetables fruits:2; water seltzer sparkling water:1; canned meals beans:1; frozen pizza:1; fresh pasta:1; bread:1; milk:1; poultry counter:1; packaged cheese:1; latino foods:1,Organic Paprika; Organic Grape Tomatoes; Cheese Pizza; Organic Baby Spinach; Organic Strawberries; Organic American Cheese Singles; Lowfat Small Curd Cottage Cheese; Natural Artisan Water; Organic Cucumber; Michigan Organic Kale; Organic Creamy Peanut Butter; Organic Raspberry Yogurt; Grated Parmesan; Organic Small Bunch Celery; Organic Mushroom & Olive Pizza; Apple Honeycrisp Organic; Organic Low Sodium Chicken Broth; Gallon Freezer Bags; Organic Hass Avocado; Organic Lemon; Bag of Organic Bananas; Clean Day Basil Hand Soap; Total 2% Lowfat Greek Strained Yogurt with Peach,Organic Hass Avocado; Organic Strawberries; Organic Baby Spinach,0.3,0.125,9,Organic Whole Milk,59.1점,#비슷한취향_16명_구매 #성공적인_첫걸음 #활동고객_인기상품 #최근_관심사_연관
24149,활동 고객,85.00%,24,"평균 10.1일, 최소 3일, 최대 28일","평균 20.0개, 최소 20개, 최대 20개",월:8; 목:5; 수:4; 화:4; 토:2; 일:1,0시:2; 10시:5; 11시:3; 12시:4; 14시:5; 15시:1; 16시:3; 19시:1,produce:9; dairy eggs:4; beverages:1; canned goods:1; frozen:1; dry goods pasta:1; bakery:1; meat seafood:1; international:1,fresh fruits:4; fresh vegetables:3; soy lactosefree:2; packaged vegetables fruits:2; water seltzer sparkling water:1; canned meals beans:1; frozen pizza:1; fresh pasta:1; bread:1; milk:1; poultry counter:1; packaged cheese:1; latino foods:1,Organic Paprika; Organic Grape Tomatoes; Cheese Pizza; Organic Baby Spinach; Organic Strawberries; Organic American Cheese Singles; Lowfat Small Curd Cottage Cheese; Natural Artisan Water; Organic Cucumber; Michigan Organic Kale; Organic Creamy Peanut Butter; Organic Raspberry Yogurt; Grated Parmesan; Organic Small Bunch Celery; Organic Mushroom & Olive Pizza; Apple Honeycrisp Organic; Organic Low Sodium Chicken Broth; Gallon Freezer Bags; Organic Hass Avocado; Organic Lemon; Bag of Organic Bananas; Clean Day Basil Hand Soap; Total 2% Lowfat Greek Strained Yogurt with Peach,Organic Hass Avocado; Organic Strawberries; Organic Baby Spinach,0.3,0.125,10,Limes,58.6점,#비슷한취향_11명_구매 #성공적인_첫걸음 #활동고객_인기상품 #최근_관심사_연관
141755,활동 고객,100.00%,17,"평균 17.6일, 최소 6일, 최대 30일","평균 14.0개, 최소 14개, 최대 14개",일:8; 금:4; 월:2; 토:2; 화:1,7시:4; 8시:1; 9시:2; 10시:2; 11시:1; 13시:1; 14시:1; 15시:1; 17시:2; 19시:1; 21시:1,dairy eggs:4; produce:3; babies:2; dry goods pasta:1; frozen:1; pantry:1; snacks:1; canned goods:1,fresh vegetables:2; baby food formula:2; yogurt:2; instant foods:1; packaged cheese:1; cream:1; fresh fruits:1; frozen vegan vegetarian:1; baking ingredients:1; nuts seeds dried fruit:1; canned fruit applesauce:1,"Romaine Lettuce; Orange Juice; Russet Potato; Danimals Strawberry Explosion Flavored Smoothie; Chewy Granola Bars Variety Pack; Honeycrisp Apple; Medium Roast Original Blend Ground Coffee; Blueberry Breakfast Biscuits; Velveeta Original Shells & Cheese; Banana; Fruit Squish'ems Apple Strawberry; Strawberries; Hazelnut Coffee Sugar Free CoffeeCreamer; Bunched Cilantro; Zero Soda; Pear & Mango Stage 2 Baby Food; Vine Ripe Tomatoes; Purified Water; Parmesan Garlic Pita Chips; Organic Zucchini; Nilla Wafers; Super Spinach! Baby Spinach, Baby Bok Choy, Sweet Baby Kale; Classic Soda; Broccoli Crown; Burgers Spicy Black Bean Veggie Burgers; Organic 2nd Foods Carrots Apples & Mangoes Baby Food; Mandarin Orange in 100% Fruit Juice; Organic 4 Months Butternut Squash Carrots Apples + Prunes Baby Food",Banana; Organic Zucchini,0.2,0.0625,1,Bag of Organic Bananas,67.1점,#비슷한취향_33명_구매 #성공적인_첫걸음 #활동고객_인기상품 #최근_관심사_연관
141755,활동 고객,100.00%,17,"평균 17.6일, 최소 6일, 최대 30일","평균 14.0개, 최소 14개, 최대 14개",일:8; 금:4; 월:2; 토:2; 화:1,7시:4; 8시:1; 9시:2; 10시:2; 11시:1; 13시:1; 14시:1; 15시:1; 17시:2; 19시:1; 21시:1,dairy eggs:4; produce:3; babies:2; dry goods pasta:1; frozen:1; pantry:1; snacks:1; canned goods:1,fresh vegetables:2; baby food formula:2; yogurt:2; instant foods:1; packaged cheese:1; cream:1; fresh fruits:1; frozen vegan vegetarian:1; baking ingredients:1; nuts seeds dried fruit:1; canned fruit applesauce:1,"Romaine Lettuce; Orange Juice; Russet Potato; Danimals Strawberry Explosion Flavored Smoothie; Chewy Granola Bars Variety Pack; Honeycrisp Apple; Medium Roast Original Blend Ground Coffee; Blueberry Breakfast Biscuits; Velveeta Original Shells & Cheese; Banana; Fruit Squish'ems Apple Strawberry; Strawberries; Hazelnut Coffee Sugar Free CoffeeCreamer; Bunched Cilantro; Zero Soda; Pear & Mango Stage 2 Baby Food; Vine Ripe Tomatoes; Purified Water; Parmesan Garlic Pita Chips; Organic Zucchini; Nilla Wafers; Super Spinach! Baby Spinach, Baby Bok Choy, Sweet Baby Kale; Classic Soda; Broccoli Crown; Burgers Spicy Black Bean Veggie Burgers; Organic 2nd Foods Carrots Apples & Mangoes Baby Food; Mandarin Orange in 100% Fruit Juice; Organic 4 Months Butternut Squash Carrots Apples + Prunes Baby Food",Banana; Organic Zucchini,0.2,0.0625,2,Banana,66.1점,#비슷한취향_23명_구매 #성공적인_첫걸음 #활동고객_인기상품 #최근_관심사_연관
141755,활동 고객,100.00%,17,"평균 17.6일, 최소 6일, 최대 30일","평균 14.0개, 최소 14개, 최대 14개",일:8; 금:4; 월:2; 토:2; 화:1,7시:4; 8시:1; 9시:2; 10시:2; 11시:1; 13시:1; 14시:1; 15시:1; 17시:2; 19시:1; 21시:1,dairy eggs:4; produce:3; babies:2; dry goods pasta:1; frozen:1; pantry:1; snacks:1; canned goods:1,fresh vegetables:2; baby food formula:2; yogurt:2; instant foods:1; packaged cheese:1; cream:1; fresh fruits:1; frozen vegan vegetarian:1; baking ingredients:1; nuts seeds dried fruit:1; canned fruit applesauce:1,"Romaine Lettuce; Orange Juice; Russet Potato; Danimals Strawberry Explosion Flavored Smoothie; Chewy Granola Bars Variety Pack; Honeycrisp Apple; Medium Roast Original Blend Ground Coffee; Blueberry Breakfast Biscuits; Velveeta Original Shells & Cheese; Banana; Fruit Squish'ems Apple Strawberry; Strawberries; Hazelnut Coffee Sugar Free CoffeeCreamer; Bunched Cilantro; Zero Soda; Pear & Mango Stage 2 Baby Food; Vine Ripe Tomatoes; Purified Water; Parmesan Garlic Pita Chips; Organic Zucchini; Nilla Wafers; Super Spinach! Baby Spinach, Baby Bok Choy, Sweet Baby Kale; Classic Soda; Broccoli Crown; Burgers Spicy Black Bean Veggie Burgers; Organic 2nd Foods Carrots Apples & Mangoes Baby Food; Mandarin Orange in 100% Fruit Juice; Organic 4 Months Butternut Squash Carrots Apples + Prunes Baby Food",Banana; Organic Zucchini,0.2,0.0625,3,Organic Strawberries,65.0점,#비슷한취향_27명_구매 #성공적인_첫걸음 #활동고객_인기상품 #최근_관심사_연관
141755,활동 고객,100.00%,17,"평균 17.6일, 최소 6일, 최대 30일","평균 14.0개, 최소 14개, 최대 14개",일:8; 금:4; 월:2; 토:2; 화:1,7시:4; 8시:1; 9시:2; 10시:2; 11시:1; 13시:1; 14시:1; 15시:1; 17시:2; 19시:1; 21시:1,dairy eggs:4; produce:3; babies:2; dry goods pasta:1; frozen:1; pantry:1; snacks:1; canned goods:1,fresh vegetables:2; baby food formula:2; yogurt:2; instant foods:1; packaged cheese:1; cream:1; fresh fruits:1; frozen vegan vegetarian:1; baking ingredients:1; nuts seeds dried fruit:1; canned fruit applesauce:1,"Romaine Lettuce; Orange Juice; Russet Potato; Danimals Strawberry Explosion Flavored Smoothie; Chewy Granola Bars Variety Pack; Honeycrisp Apple; Medium Roast Original Blend Ground Coffee; Blueberry Breakfast Biscuits; Velveeta Original Shells & Cheese; Banana; Fruit Squish'ems Apple Strawberry; Strawberries; Hazelnut Coffee Sugar Free CoffeeCreamer; Bunched Cilantro; Zero Soda; Pear & Mango Stage 2 Baby Food; Vine Ripe Tomatoes; Purified Water; Parmesan Garlic Pita Chips; Organic Zucchini; Nilla Wafers; Super Spinach! Baby Spinach, Baby Bok Choy, Sweet Baby Kale; Classic Soda; Broccoli Crown; Burgers Spicy Black Bean Veggie Burgers; Organic 2nd Foods Carrots Apples & Mangoes Baby Food; Mandarin Orange in 100% Fruit Juice; Organic 4 Months Butternut Squash Carrots Apples + Prunes Baby Food",Banana; Organic Zucchini,0.2,0.0625,4,Organic Baby Spinach,64.0점,#비슷한취향_23명_구매 #성공적인_첫걸음 #활동고객_인기상품 #최근_관심사_연관
141755,활동 고객,100.00%,17,"평균 17.6일, 최소 6일, 최대 30일","평균 14.0개, 최소 14개, 최대 14개",일:8; 금:4; 월:2; 토:2; 화:1,7시:4; 8시:1; 9시:2; 10시:2; 11시:1; 13시:1; 14시:1; 15시:1; 17시:2; 19시:1; 21시:1,dairy eggs:4; produce:3; babies:2; dry goods pasta:1; frozen:1; pantry:1; snacks:1; canned goods:1,fresh vegetables:2; baby food formula:2; yogurt:2; instant foods:1; packaged cheese:1; cream:1; fresh fruits:1; frozen vegan vegetarian:1; baking ingredients:1; nuts seeds dried fruit:1; canned fruit applesauce:1,"Romaine Lettuce; Orange Juice; Russet Potato; Danimals Strawberry Explosion Flavored Smoothie; Chewy Granola Bars Variety Pack; Honeycrisp Apple; Medium Roast Original Blend Ground Coffee; Blueberry Breakfast Biscuits; Velveeta Original Shells & Cheese; Banana; Fruit Squish'ems Apple Strawberry; Strawberries; Hazelnut Coffee Sugar Free CoffeeCreamer; Bunched Cilantro; Zero Soda; Pear & Mango Stage 2 Baby Food; Vine Ripe Tomatoes; Purified Water; Parmesan Garlic Pita Chips; Organic Zucchini; Nilla Wafers; Super Spinach! Baby Spinach, Baby Bok Choy, Sweet Baby Kale; Classic Soda; Broccoli Crown; Burgers Spicy Black Bean Veggie Burgers; Organic 2nd Foods Carrots Apples & Mangoes Baby Food; Mandarin Orange in 100% Fruit Juice; Organic 4 Months Butternut Squash Carrots Apples + Prunes Baby Food",Banana; Organic Zucchini,0.2,0.0625,5,Organic Hass Avocado,63.1점,#비슷한취향_24명_구매 #성공적인_첫걸음 #활동고객_인기상품 #최근_관심사_연관
141755,활동 고객,100.00%,17,"평균 17.6일, 최소 6일, 최대 30일","평균 14.0개, 최소 14개, 최대 14개",일:8; 금:4; 월:2; 토:2; 화:1,7시:4; 8시:1; 9시:2; 10시:2; 11시:1; 13시:1; 14시:1; 15시:1; 17시:2; 19시:1; 21시:1,dairy eggs:4; produce:3; babies:2; dry goods pasta:1; frozen:1; pantry:1; snacks:1; canned goods:1,fresh vegetables:2; baby food formula:2; yogurt:2; instant foods:1; packaged cheese:1; cream:1; fresh fruits:1; frozen vegan vegetarian:1; baking ingredients:1; nuts seeds dried fruit:1; canned fruit applesauce:1,"Romaine Lettuce; Orange Juice; Russet Potato; Danimals Strawberry Explosion Flavored Smoothie; Chewy Granola Bars Variety Pack; Honeycrisp Apple; Medium Roast Original Blend Ground Coffee; Blueberry Breakfast Biscuits; Velveeta Original Shells & Cheese; Banana; Fruit Squish'ems Apple Strawberry; Strawberries; Hazelnut Coffee Sugar Free CoffeeCreamer; Bunched Cilantro; Zero Soda; Pear & Mango Stage 2 Baby Food; Vine Ripe Tomatoes; Purified Water; Parmesan Garlic Pita Chips; Organic Zucchini; Nilla Wafers; Super Spinach! Baby Spinach, Baby Bok Choy, Sweet Baby Kale; Classic Soda; Broccoli Crown; Burgers Spicy Black Bean Veggie Burgers; Organic 2nd Foods Carrots Apples & Mangoes Baby Food; Mandarin Orange in 100% Fruit Juice; Organic 4 Months Butternut Squash Carrots Apples + Prunes Baby Food",Banana; Organic Zucchini,0.2,0.0625,6,Organic Avocado,60.1점,#비슷한취향_10명_구매 #성공적인_첫걸음 #활동고객_인기상품 #최근_관심사_연관
141755,활동 고객,100.00%,17,"평균 17.6일, 최소 6일, 최대 30일","평균 14.0개, 최소 14개, 최대 14개",일:8; 금:4; 월:2; 토:2; 화:1,7시:4; 8시:1; 9시:2; 10시:2; 11시:1; 13시:1; 14시:1; 15시:1; 17시:2; 19시:1; 21시:1,dairy eggs:4; produce:3; babies:2; dry goods pasta:1; frozen:1; pantry:1; snacks:1; canned goods:1,fresh vegetables:2; baby food formula:2; yogurt:2; instant foods:1; packaged cheese:1; cream:1; fresh fruits:1; frozen vegan vegetarian:1; baking ingredients:1; nuts seeds dried fruit:1; canned fruit applesauce:1,"Romaine Lettuce; Orange Juice; Russet Potato; Danimals Strawberry Explosion Flavored Smoothie; Chewy Granola Bars Variety Pack; Honeycrisp Apple; Medium Roast Original Blend Ground Coffee; Blueberry Breakfast Biscuits; Velveeta Original Shells & Cheese; Banana; Fruit Squish'ems Apple Strawberry; Strawberries; Hazelnut Coffee Sugar Free CoffeeCreamer; Bunched Cilantro; Zero Soda; Pear & Mango Stage 2 Baby Food; Vine Ripe Tomatoes; Purified Water; Parmesan Garlic Pita Chips; Organic Zucchini; Nilla Wafers; Super Spinach! Baby Spinach, Baby Bok Choy, Sweet Baby Kale; Classic Soda; Broccoli Crown; Burgers Spicy Black Bean Veggie Burgers; Organic 2nd Foods Carrots Apples & Mangoes Baby Food; Mandarin Orange in 100% Fruit Juice; Organic 4 Months Butternut Squash Carrots Apples + Prunes Baby Food",Banana; Organic Zucchini,0.2,0.0625,7,Organic Zucchini,59.5점,#비슷한취향_12명_구매 #성공적인_첫걸음 #활동고객_인기상품 #최근_관심사_연관
141755,활동 고객,100.00%,17,"평균 17.6일, 최소 6일, 최대 30일","평균 14.0개, 최소 14개, 최대 14개",일:8; 금:4; 월:2; 토:2; 화:1,7시:4; 8시:1; 9시:2; 10시:2; 11시:1; 13시:1; 14시:1; 15시:1; 17시:2; 19시:1; 21시:1,dairy eggs:4; produce:3; babies:2; dry goods pasta:1; frozen:1; pantry:1; snacks:1; canned goods:1,fresh vegetables:2; baby food formula:2; yogurt:2; instant foods:1; packaged cheese:1; cream:1; fresh fruits:1; frozen vegan vegetarian:1; baking ingredients:1; nuts seeds dried fruit:1; canned fruit applesauce:1,"Romaine Lettuce; Orange Juice; Russet Potato; Danimals Strawberry Explosion Flavored Smoothie; Chewy Granola Bars Variety Pack; Honeycrisp Apple; Medium Roast Original Blend Ground Coffee; Blueberry Breakfast Biscuits; Velveeta Original Shells & Cheese; Banana; Fruit Squish'ems Apple Strawberry; Strawberries; Hazelnut Coffee Sugar Free CoffeeCreamer; Bunched Cilantro; Zero Soda; Pear & Mango Stage 2 Baby Food; Vine Ripe Tomatoes; Purified Water; Parmesan Garlic Pita Chips; Organic Zucchini; Nilla Wafers; Super Spinach! Baby Spinach, Baby Bok Choy, Sweet Baby Kale; Classic Soda; Broccoli Crown; Burgers Spicy Black Bean Veggie Burgers; Organic 2nd Foods Carrots Apples & Mangoes Baby Food; Mandarin Orange in 100% Fruit Juice; Organic 4 Months Butternut Squash Carrots Apples + Prunes Baby Food",Banana; Organic Zucchini,0.2,0.0625,8,Limes,59.1점,#비슷한취향_13명_구매 #성공적인_첫걸음 #활동고객_인기상품 #최근_관심사_연관
141755,활동 고객,100.00%,17,"평균 17.6일, 최소 6일, 최대 30일","평균 14.0개, 최소 14개, 최대 14개",일:8; 금:4; 월:2; 토:2; 화:1,7시:4; 8시:1; 9시:2; 10시:2; 11시:1; 13시:1; 14시:1; 15시:1; 17시:2; 19시:1; 21시:1,dairy eggs:4; produce:3; babies:2; dry goods pasta:1; frozen:1; pantry:1; snacks:1; canned goods:1,fresh vegetables:2; baby food formula:2; yogurt:2; instant foods:1; packaged cheese:1; cream:1; fresh fruits:1; frozen vegan vegetarian:1; baking ingredients:1; nuts seeds dried fruit:1; canned fruit applesauce:1,"Romaine Lettuce; Orange Juice; Russet Potato; Danimals Strawberry Explosion Flavored Smoothie; Chewy Granola Bars Variety Pack; Honeycrisp Apple; Medium Roast Original Blend Ground Coffee; Blueberry Breakfast Biscuits; Velveeta Original Shells & Cheese; Banana; Fruit Squish'ems Apple Strawberry; Strawberries; Hazelnut Coffee Sugar Free CoffeeCreamer; Bunched Cilantro; Zero Soda; Pear & Mango Stage 2 Baby Food; Vine Ripe Tomatoes; Purified Water; Parmesan Garlic Pita Chips; Organic Zucchini; Nilla Wafers; Super Spinach! Baby Spinach, Baby Bok Choy, Sweet Baby Kale; Classic Soda; Broccoli Crown; Burgers Spicy Black Bean Veggie Burgers; Organic 2nd Foods Carrots Apples & Mangoes Baby Food; Mandarin Orange in 100% Fruit Juice; Organic 4 Months Butternut Squash Carrots Apples + Prunes Baby Food",Banana; Organic Zucchini,0.2,0.0625,9,Organic Lemon,58.7점,#비슷한취향_15명_구매 #성공적인_첫걸음 #활동고객_인기상품 #최근_관심사_연관
141755,활동 고객,100.00%,17,"평균 17.6일, 최소 6일, 최대 30일","평균 14.0개, 최소 14개, 최대 14개",일:8; 금:4; 월:2; 토:2; 화:1,7시:4; 8시:1; 9시:2; 10시:2; 11시:1; 13시:1; 14시:1; 15시:1; 17시:2; 19시:1; 21시:1,dairy eggs:4; produce:3; babies:2; dry goods pasta:1; frozen:1; pantry:1; snacks:1; canned goods:1,fresh vegetables:2; baby food formula:2; yogurt:2; instant foods:1; packaged cheese:1; cream:1; fresh fruits:1; frozen vegan vegetarian:1; baking ingredients:1; nuts seeds dried fruit:1; canned fruit applesauce:1,"Romaine Lettuce; Orange Juice; Russet Potato; Danimals Strawberry Explosion Flavored Smoothie; Chewy Granola Bars Variety Pack; Honeycrisp Apple; Medium Roast Original Blend Ground Coffee; Blueberry Breakfast Biscuits; Velveeta Original Shells & Cheese; Banana; Fruit Squish'ems Apple Strawberry; Strawberries; Hazelnut Coffee Sugar Free CoffeeCreamer; Bunched Cilantro; Zero Soda; Pear & Mango Stage 2 Baby Food; Vine Ripe Tomatoes; Purified Water; Parmesan Garlic Pita Chips; Organic Zucchini; Nilla Wafers; Super Spinach! Baby Spinach, Baby Bok Choy, Sweet Baby Kale; Classic Soda; Broccoli Crown; Burgers Spicy Black Bean Veggie Burgers; Organic 2nd Foods Carrots Apples & Mangoes Baby Food; Mandarin Orange in 100% Fruit Juice; Organic 4 Months Butternut Squash Carrots Apples + Prunes Baby Food",Banana; Organic Zucchini,0.2,0.0625,10,Organic Raspberries,58.4점,#비슷한취향_10명_구매 #활동고객_인기상품 #최근_관심사_연관
103100,VIP,50.00%,44,"평균 8.4일, 최소 2일, 최대 24일","평균 10.0개, 최소 10개, 최대 10개",수:10; 토:8; 일:8; 목:5; 화:5; 월:4; 금:4,6시:1; 7시:1; 8시:1; 9시:3; 10시:3; 11시:5; 12시:2; 13시:1; 14시:5; 16시:2; 17시:3; 18시:4; 19시:7; 20시:5; 22시:1,dairy eggs:4; produce:4; deli:1; snacks:1,fresh fruits:3; packaged cheese:2; milk:1; fresh dips tapenades:1; chips pretzels:1; yogurt:1; fresh vegetables:1,Colombia Deep Roast Ground Coffee; Organic Reduced Fat Milk; Limes; Salted Butter; Organic Garlic; Asparagus; Organic Cheddar Crazy Bugs Macaroni & Cheese Dinner; Medium Navel Orange; Macaroni And Cheese; Unsalted Butter; Green Bell Pepper; Naturals Chicken Nuggets; Bag of Organic Bananas; Pink Lady (Cripps) Apple,Bag of Organic Bananas; Limes,0.2,0.13333333333333333,1,Large Lemon,71.6점,#비슷한취향_57명_구매 #성공적인_첫걸음 #활동고객_인기상품 #최근_관심사_연관
103100,VIP,50.00%,44,"평균 8.4일, 최소 2일, 최대 24일","평균 10.0개, 최소 10개, 최대 10개",수:10; 토:8; 일:8; 목:5; 화:5; 월:4; 금:4,6시:1; 7시:1; 8시:1; 9시:3; 10시:3; 11시:5; 12시:2; 13시:1; 14시:5; 16시:2; 17시:3; 18시:4; 19시:7; 20시:5; 22시:1,dairy eggs:4; produce:4; deli:1; snacks:1,fresh fruits:3; packaged cheese:2; milk:1; fresh dips tapenades:1; chips pretzels:1; yogurt:1; fresh vegetables:1,Colombia Deep Roast Ground Coffee; Organic Reduced Fat Milk; Limes; Salted Butter; Organic Garlic; Asparagus; Organic Cheddar Crazy Bugs Macaroni & Cheese Dinner; Medium Navel Orange; Macaroni And Cheese; Unsalted Butter; Green Bell Pepper; Naturals Chicken Nuggets; Bag of Organic Bananas; Pink Lady (Cripps) Apple,Bag of Organic Bananas; Limes,0.2,0.13333333333333333,2,Strawberries,66.7점,#비슷한취향_44명_구매 #활동고객_인기상품 #최근_관심사_연관
103100,VIP,50.00%,44,"평균 8.4일, 최소 2일, 최대 24일","평균 10.0개, 최소 10개, 최대 10개",수:10; 토:8; 일:8; 목:5; 화:5; 월:4; 금:4,6시:1; 7시:1; 8시:1; 9시:3; 10시:3; 11시:5; 12시:2; 13시:1; 14시:5; 16시:2; 17시:3; 18시:4; 19시:7; 20시:5; 22시:1,dairy eggs:4; produce:4; deli:1; snacks:1,fresh fruits:3; packaged cheese:2; milk:1; fresh dips tapenades:1; chips pretzels:1; yogurt:1; fresh vegetables:1,Colombia Deep Roast Ground Coffee; Organic Reduced Fat Milk; Limes; Salted Butter; Organic Garlic; Asparagus; Organic Cheddar Crazy Bugs Macaroni & Cheese Dinner; Medium Navel Orange; Macaroni And Cheese; Unsalted Butter; Green Bell Pepper; Naturals Chicken Nuggets; Bag of Organic Bananas; Pink Lady (Cripps) Apple,Bag of Organic Bananas; Limes,0.2,0.13333333333333333,3,Organic Baby Spinach,64.6점,#비슷한취향_22명_구매 #성공적인_첫걸음 #활동고객_인기상품 #최근_관심사_연관
103100,VIP,50.00%,44,"평균 8.4일, 최소 2일, 최대 24일","평균 10.0개, 최소 10개, 최대 10개",수:10; 토:8; 일:8; 목:5; 화:5; 월:4; 금:4,6시:1; 7시:1; 8시:1; 9시:3; 10시:3; 11시:5; 12시:2; 13시:1; 14시:5; 16시:2; 17시:3; 18시:4; 19시:7; 20시:5; 22시:1,dairy eggs:4; produce:4; deli:1; snacks:1,fresh fruits:3; packaged cheese:2; milk:1; fresh dips tapenades:1; chips pretzels:1; yogurt:1; fresh vegetables:1,Colombia Deep Roast Ground Coffee; Organic Reduced Fat Milk; Limes; Salted Butter; Organic Garlic; Asparagus; Organic Cheddar Crazy Bugs Macaroni & Cheese Dinner; Medium Navel Orange; Macaroni And Cheese; Unsalted Butter; Green Bell Pepper; Naturals Chicken Nuggets; Bag of Organic Bananas; Pink Lady (Cripps) Apple,Bag of Organic Bananas; Limes,0.2,0.13333333333333333,4,Organic Strawberries,63.8점,#비슷한취향_18명_구매 #성공적인_첫걸음 #활동고객_인기상품 #최근_관심사_연관
103100,VIP,50.00%,44,"평균 8.4일, 최소 2일, 최대 24일","평균 10.0개, 최소 10개, 최대 10개",수:10; 토:8; 일:8; 목:5; 화:5; 월:4; 금:4,6시:1; 7시:1; 8시:1; 9시:3; 10시:3; 11시:5; 12시:2; 13시:1; 14시:5; 16시:2; 17시:3; 18시:4; 19시:7; 20시:5; 22시:1,dairy eggs:4; produce:4; deli:1; snacks:1,fresh fruits:3; packaged cheese:2; milk:1; fresh dips tapenades:1; chips pretzels:1; yogurt:1; fresh vegetables:1,Colombia Deep Roast Ground Coffee; Organic Reduced Fat Milk; Limes; Salted Butter; Organic Garlic; Asparagus; Organic Cheddar Crazy Bugs Macaroni & Cheese Dinner; Medium Navel Orange; Macaroni And Cheese; Unsalted Butter; Green Bell Pepper; Naturals Chicken Nuggets; Bag of Organic Bananas; Pink Lady (Cripps) Apple,Bag of Organic Bananas; Limes,0.2,0.13333333333333333,5,Bag of Organic Bananas,62.9점,#비슷한취향_11명_구매 #성공적인_첫걸음 #활동고객_인기상품 #최근_관심사_연관
103100,VIP,50.00%,44,"평균 8.4일, 최소 2일, 최대 24일","평균 10.0개, 최소 10개, 최대 10개",수:10; 토:8; 일:8; 목:5; 화:5; 월:4; 금:4,6시:1; 7시:1; 8시:1; 9시:3; 10시:3; 11시:5; 12시:2; 13시:1; 14시:5; 16시:2; 17시:3; 18시:4; 19시:7; 20시:5; 22시:1,dairy eggs:4; produce:4; deli:1; snacks:1,fresh fruits:3; packaged cheese:2; milk:1; fresh dips tapenades:1; chips pretzels:1; yogurt:1; fresh vegetables:1,Colombia Deep Roast Ground Coffee; Organic Reduced Fat Milk; Limes; Salted Butter; Organic Garlic; Asparagus; Organic Cheddar Crazy Bugs Macaroni & Cheese Dinner; Medium Navel Orange; Macaroni And Cheese; Unsalted Butter; Green Bell Pepper; Naturals Chicken Nuggets; Bag of Organic Bananas; Pink Lady (Cripps) Apple,Bag of Organic Bananas; Limes,0.2,0.13333333333333333,6,Limes,62.6점,#비슷한취향_22명_구매 #성공적인_첫걸음 #활동고객_인기상품 #최근_관심사_연관
103100,VIP,50.00%,44,"평균 8.4일, 최소 2일, 최대 24일","평균 10.0개, 최소 10개, 최대 10개",수:10; 토:8; 일:8; 목:5; 화:5; 월:4; 금:4,6시:1; 7시:1; 8시:1; 9시:3; 10시:3; 11시:5; 12시:2; 13시:1; 14시:5; 16시:2; 17시:3; 18시:4; 19시:7; 20시:5; 22시:1,dairy eggs:4; produce:4; deli:1; snacks:1,fresh fruits:3; packaged cheese:2; milk:1; fresh dips tapenades:1; chips pretzels:1; yogurt:1; fresh vegetables:1,Colombia Deep Roast Ground Coffee; Organic Reduced Fat Milk; Limes; Salted Butter; Organic Garlic; Asparagus; Organic Cheddar Crazy Bugs Macaroni & Cheese Dinner; Medium Navel Orange; Macaroni And Cheese; Unsalted Butter; Green Bell Pepper; Naturals Chicken Nuggets; Bag of Organic Bananas; Pink Lady (Cripps) Apple,Bag of Organic Bananas; Limes,0.2,0.13333333333333333,7,Organic Hass Avocado,62.3점,#비슷한취향_18명_구매 #성공적인_첫걸음 #활동고객_인기상품 #최근_관심사_연관
103100,VIP,50.00%,44,"평균 8.4일, 최소 2일, 최대 24일","평균 10.0개, 최소 10개, 최대 10개",수:10; 토:8; 일:8; 목:5; 화:5; 월:4; 금:4,6시:1; 7시:1; 8시:1; 9시:3; 10시:3; 11시:5; 12시:2; 13시:1; 14시:5; 16시:2; 17시:3; 18시:4; 19시:7; 20시:5; 22시:1,dairy eggs:4; produce:4; deli:1; snacks:1,fresh fruits:3; packaged cheese:2; milk:1; fresh dips tapenades:1; chips pretzels:1; yogurt:1; fresh vegetables:1,Colombia Deep Roast Ground Coffee; Organic Reduced Fat Milk; Limes; Salted Butter; Organic Garlic; Asparagus; Organic Cheddar Crazy Bugs Macaroni & Cheese Dinner; Medium Navel Orange; Macaroni And Cheese; Unsalted Butter; Green Bell Pepper; Naturals Chicken Nuggets; Bag of Organic Bananas; Pink Lady (Cripps) Apple,Bag of Organic Bananas; Limes,0.2,0.13333333333333333,8,Sparkling Water Grapefruit,60.2점,#비슷한취향_31명_구매 #성공적인_첫걸음 #활동고객_인기상품 #최근_관심사_연관
103100,VIP,50.00%,44,"평균 8.4일, 최소 2일, 최대 24일","평균 10.0개, 최소 10개, 최대 10개",수:10; 토:8; 일:8; 목:5; 화:5; 월:4; 금:4,6시:1; 7시:1; 8시:1; 9시:3; 10시:3; 11시:5; 12시:2; 13시:1; 14시:5; 16시:2; 17시:3; 18시:4; 19시:7; 20시:5; 22시:1,dairy eggs:4; produce:4; deli:1; snacks:1,fresh fruits:3; packaged cheese:2; milk:1; fresh dips tapenades:1; chips pretzels:1; yogurt:1; fresh vegetables:1,Colombia Deep Roast Ground Coffee; Organic Reduced Fat Milk; Limes; Salted Butter; Organic Garlic; Asparagus; Organic Cheddar Crazy Bugs Macaroni & Cheese Dinner; Medium Navel Orange; Macaroni And Cheese; Unsalted Butter; Green Bell Pepper; Naturals Chicken Nuggets; Bag of Organic Bananas; Pink Lady (Cripps) Apple,Bag of Organic Bananas; Limes,0.2,0.13333333333333333,9,Organic Whole Milk,59.9점,#비슷한취향_17명_구매 #성공적인_첫걸음 #활동고객_인기상품 #최근_관심사_연관
103100,VIP,50.00%,44,"평균 8.4일, 최소 2일, 최대 24일","평균 10.0개, 최소 10개, 최대 10개",수:10; 토:8; 일:8; 목:5; 화:5; 월:4; 금:4,6시:1; 7시:1; 8시:1; 9시:3; 10시:3; 11시:5; 12시:2; 13시:1; 14시:5; 16시:2; 17시:3; 18시:4; 19시:7; 20시:5; 22시:1,dairy eggs:4; produce:4; deli:1; snacks:1,fresh fruits:3; packaged cheese:2; milk:1; fresh dips tapenades:1; chips pretzels:1; yogurt:1; fresh vegetables:1,Colombia Deep Roast Ground Coffee; Organic Reduced Fat Milk; Limes; Salted Butter; Organic Garlic; Asparagus; Organic Cheddar Crazy Bugs Macaroni & Cheese Dinner; Medium Navel Orange; Macaroni And Cheese; Unsalted Butter; Green Bell Pepper; Naturals Chicken Nuggets; Bag of Organic Bananas; Pink Lady (Cripps) Apple,Bag of Organic Bananas; Limes,0.2,0.13333333333333333,10,Organic Zucchini,59.9점,#비슷한취향_11명_구매 #성공적인_첫걸음 #활동고객_인기상품 #최근_관심사_연관
39207,신규/비정기 고객,96.77%,6,"평균 13.8일, 최소 7일, 최대 23일","평균 31.0개, 최소 31개, 최대 31개",금:2; 일:2; 수:1; 화:1,1시:1; 12시:1; 13시:4,produce:19; dairy eggs:4; beverages:3; deli:2; snacks:1; pantry:1; breakfast:1,fresh vegetables:8; fresh fruits:7; juice nectars:2; lunch meat:2; packaged vegetables fruits:2; packaged cheese:2; fresh herbs:2; milk:1; chips pretzels:1; preserved dips spreads:1; specialty cheeses:1; cereal:1; water seltzer sparkling water:1,"Whole Grain Loaf; Mozzarella Ciliegine; Organic Garlic; Large Lemon; Organic Basil; Pepper Jack Cheese; Banana; Organic Red Radish, Bunch; Cheddar Cheese Medium; Organic D'Anjou Pears; Sparkling Natural Mineral Water; Basil Pesto; Organic Spring Mix; Seedless Red Grapes; Organic Cucumber; Telera Rolls; Milk, Vitamin D; Organic Blue Corn Tortilla Chips; Organic Small Bunch Celery; 100% Whole Wheat Bread; Fresh Cauliflower; Limes; Organic Hass Avocado; Organic Navel Orange; Organic Large Extra Fancy Fuji Apple; Firm Tofu; Cucumber & Garlic  Tzatziki; Red Peppers",Organic Cucumber,0.1,0.03571428571428571,1,Bag of Organic Bananas,70.6점,#비슷한취향_40명_구매 #성공적인_첫걸음 #활동고객_인기상품 #최근_관심사_연관
39207,신규/비정기 고객,96.77%,6,"평균 13.8일, 최소 7일, 최대 23일","평균 31.0개, 최소 31개, 최대 31개",금:2; 일:2; 수:1; 화:1,1시:1; 12시:1; 13시:4,produce:19; dairy eggs:4; beverages:3; deli:2; snacks:1; pantry:1; breakfast:1,fresh vegetables:8; fresh fruits:7; juice nectars:2; lunch meat:2; packaged vegetables fruits:2; packaged cheese:2; fresh herbs:2; milk:1; chips pretzels:1; preserved dips spreads:1; specialty cheeses:1; cereal:1; water seltzer sparkling water:1,"Whole Grain Loaf; Mozzarella Ciliegine; Organic Garlic; Large Lemon; Organic Basil; Pepper Jack Cheese; Banana; Organic Red Radish, Bunch; Cheddar Cheese Medium; Organic D'Anjou Pears; Sparkling Natural Mineral Water; Basil Pesto; Organic Spring Mix; Seedless Red Grapes; Organic Cucumber; Telera Rolls; Milk, Vitamin D; Organic Blue Corn Tortilla Chips; Organic Small Bunch Celery; 100% Whole Wheat Bread; Fresh Cauliflower; Limes; Organic Hass Avocado; Organic Navel Orange; Organic Large Extra Fancy Fuji Apple; Firm Tofu; Cucumber & Garlic  Tzatziki; Red Peppers",Organic Cucumber,0.1,0.03571428571428571,2,Organic Baby Spinach,66.6점,#비슷한취향_27명_구매 #성공적인_첫걸음 #활동고객_인기상품 #최근_관심사_연관
39207,신규/비정기 고객,96.77%,6,"평균 13.8일, 최소 7일, 최대 23일","평균 31.0개, 최소 31개, 최대 31개",금:2; 일:2; 수:1; 화:1,1시:1; 12시:1; 13시:4,produce:19; dairy eggs:4; beverages:3; deli:2; snacks:1; pantry:1; breakfast:1,fresh vegetables:8; fresh fruits:7; juice nectars:2; lunch meat:2; packaged vegetables fruits:2; packaged cheese:2; fresh herbs:2; milk:1; chips pretzels:1; preserved dips spreads:1; specialty cheeses:1; cereal:1; water seltzer sparkling water:1,"Whole Grain Loaf; Mozzarella Ciliegine; Organic Garlic; Large Lemon; Organic Basil; Pepper Jack Cheese; Banana; Organic Red Radish, Bunch; Cheddar Cheese Medium; Organic D'Anjou Pears; Sparkling Natural Mineral Water; Basil Pesto; Organic Spring Mix; Seedless Red Grapes; Organic Cucumber; Telera Rolls; Milk, Vitamin D; Organic Blue Corn Tortilla Chips; Organic Small Bunch Celery; 100% Whole Wheat Bread; Fresh Cauliflower; Limes; Organic Hass Avocado; Organic Navel Orange; Organic Large Extra Fancy Fuji Apple; Firm Tofu; Cucumber & Garlic  Tzatziki; Red Peppers",Organic Cucumber,0.1,0.03571428571428571,3,Organic Blueberries,65.6점,#비슷한취향_38명_구매 #활동고객_인기상품 #최근_관심사_연관
39207,신규/비정기 고객,96.77%,6,"평균 13.8일, 최소 7일, 최대 23일","평균 31.0개, 최소 31개, 최대 31개",금:2; 일:2; 수:1; 화:1,1시:1; 12시:1; 13시:4,produce:19; dairy eggs:4; beverages:3; deli:2; snacks:1; pantry:1; breakfast:1,fresh vegetables:8; fresh fruits:7; juice nectars:2; lunch meat:2; packaged vegetables fruits:2; packaged cheese:2; fresh herbs:2; milk:1; chips pretzels:1; preserved dips spreads:1; specialty cheeses:1; cereal:1; water seltzer sparkling water:1,"Whole Grain Loaf; Mozzarella Ciliegine; Organic Garlic; Large Lemon; Organic Basil; Pepper Jack Cheese; Banana; Organic Red Radish, Bunch; Cheddar Cheese Medium; Organic D'Anjou Pears; Sparkling Natural Mineral Water; Basil Pesto; Organic Spring Mix; Seedless Red Grapes; Organic Cucumber; Telera Rolls; Milk, Vitamin D; Organic Blue Corn Tortilla Chips; Organic Small Bunch Celery; 100% Whole Wheat Bread; Fresh Cauliflower; Limes; Organic Hass Avocado; Organic Navel Orange; Organic Large Extra Fancy Fuji Apple; Firm Tofu; Cucumber & Garlic  Tzatziki; Red Peppers",Organic Cucumber,0.1,0.03571428571428571,4,Organic Avocado,62.8점,#비슷한취향_14명_구매 #성공적인_첫걸음 #활동고객_인기상품 #최근_관심사_연관
39207,신규/비정기 고객,96.77%,6,"평균 13.8일, 최소 7일, 최대 23일","평균 31.0개, 최소 31개, 최대 31개",금:2; 일:2; 수:1; 화:1,1시:1; 12시:1; 13시:4,produce:19; dairy eggs:4; beverages:3; deli:2; snacks:1; pantry:1; breakfast:1,fresh vegetables:8; fresh fruits:7; juice nectars:2; lunch meat:2; packaged vegetables fruits:2; packaged cheese:2; fresh herbs:2; milk:1; chips pretzels:1; preserved dips spreads:1; specialty cheeses:1; cereal:1; water seltzer sparkling water:1,"Whole Grain Loaf; Mozzarella Ciliegine; Organic Garlic; Large Lemon; Organic Basil; Pepper Jack Cheese; Banana; Organic Red Radish, Bunch; Cheddar Cheese Medium; Organic D'Anjou Pears; Sparkling Natural Mineral Water; Basil Pesto; Organic Spring Mix; Seedless Red Grapes; Organic Cucumber; Telera Rolls; Milk, Vitamin D; Organic Blue Corn Tortilla Chips; Organic Small Bunch Celery; 100% Whole Wheat Bread; Fresh Cauliflower; Limes; Organic Hass Avocado; Organic Navel Orange; Organic Large Extra Fancy Fuji Apple; Firm Tofu; Cucumber & Garlic  Tzatziki; Red Peppers",Organic Cucumber,0.1,0.03571428571428571,5,Organic Raspberries,61.9점,#비슷한취향_17명_구매 #활동고객_인기상품 #최근_관심사_연관
39207,신규/비정기 고객,96.77%,6,"평균 13.8일, 최소 7일, 최대 23일","평균 31.0개, 최소 31개, 최대 31개",금:2; 일:2; 수:1; 화:1,1시:1; 12시:1; 13시:4,produce:19; dairy eggs:4; beverages:3; deli:2; snacks:1; pantry:1; breakfast:1,fresh vegetables:8; fresh fruits:7; juice nectars:2; lunch meat:2; packaged vegetables fruits:2; packaged cheese:2; fresh herbs:2; milk:1; chips pretzels:1; preserved dips spreads:1; specialty cheeses:1; cereal:1; water seltzer sparkling water:1,"Whole Grain Loaf; Mozzarella Ciliegine; Organic Garlic; Large Lemon; Organic Basil; Pepper Jack Cheese; Banana; Organic Red Radish, Bunch; Cheddar Cheese Medium; Organic D'Anjou Pears; Sparkling Natural Mineral Water; Basil Pesto; Organic Spring Mix; Seedless Red Grapes; Organic Cucumber; Telera Rolls; Milk, Vitamin D; Organic Blue Corn Tortilla Chips; Organic Small Bunch Celery; 100% Whole Wheat Bread; Fresh Cauliflower; Limes; Organic Hass Avocado; Organic Navel Orange; Organic Large Extra Fancy Fuji Apple; Firm Tofu; Cucumber & Garlic  Tzatziki; Red Peppers",Organic Cucumber,0.1,0.03571428571428571,6,Organic Zucchini,61.6점,#비슷한취향_14명_구매 #성공적인_첫걸음 #활동고객_인기상품 #최근_관심사_연관
39207,신규/비정기 고객,96.77%,6,"평균 13.8일, 최소 7일, 최대 23일","평균 31.0개, 최소 31개, 최대 31개",금:2; 일:2; 수:1; 화:1,1시:1; 12시:1; 13시:4,produce:19; dairy eggs:4; beverages:3; deli:2; snacks:1; pantry:1; breakfast:1,fresh vegetables:8; fresh fruits:7; juice nectars:2; lunch meat:2; packaged vegetables fruits:2; packaged cheese:2; fresh herbs:2; milk:1; chips pretzels:1; preserved dips spreads:1; specialty cheeses:1; cereal:1; water seltzer sparkling water:1,"Whole Grain Loaf; Mozzarella Ciliegine; Organic Garlic; Large Lemon; Organic Basil; Pepper Jack Cheese; Banana; Organic Red Radish, Bunch; Cheddar Cheese Medium; Organic D'Anjou Pears; Sparkling Natural Mineral Water; Basil Pesto; Organic Spring Mix; Seedless Red Grapes; Organic Cucumber; Telera Rolls; Milk, Vitamin D; Organic Blue Corn Tortilla Chips; Organic Small Bunch Celery; 100% Whole Wheat Bread; Fresh Cauliflower; Limes; Organic Hass Avocado; Organic Navel Orange; Organic Large Extra Fancy Fuji Apple; Firm Tofu; Cucumber & Garlic  Tzatziki; Red Peppers",Organic Cucumber,0.1,0.03571428571428571,7,Organic Whole Milk,59.9점,#비슷한취향_14명_구매 #성공적인_첫걸음 #활동고객_인기상품 #최근_관심사_연관
39207,신규/비정기 고객,96.77%,6,"평균 13.8일, 최소 7일, 최대 23일","평균 31.0개, 최소 31개, 최대 31개",금:2; 일:2; 수:1; 화:1,1시:1; 12시:1; 13시:4,produce:19; dairy eggs:4; beverages:3; deli:2; snacks:1; pantry:1; breakfast:1,fresh vegetables:8; fresh fruits:7; juice nectars:2; lunch meat:2; packaged vegetables fruits:2; packaged cheese:2; fresh herbs:2; milk:1; chips pretzels:1; preserved dips spreads:1; specialty cheeses:1; cereal:1; water seltzer sparkling water:1,"Whole Grain Loaf; Mozzarella Ciliegine; Organic Garlic; Large Lemon; Organic Basil; Pepper Jack Cheese; Banana; Organic Red Radish, Bunch; Cheddar Cheese Medium; Organic D'Anjou Pears; Sparkling Natural Mineral Water; Basil Pesto; Organic Spring Mix; Seedless Red Grapes; Organic Cucumber; Telera Rolls; Milk, Vitamin D; Organic Blue Corn Tortilla Chips; Organic Small Bunch Celery; 100% Whole Wheat Bread; Fresh Cauliflower; Limes; Organic Hass Avocado; Organic Navel Orange; Organic Large Extra Fancy Fuji Apple; Firm Tofu; Cucumber & Garlic  Tzatziki; Red Peppers",Organic Cucumber,0.1,0.03571428571428571,8,Organic Lemon,59.1점,#비슷한취향_11명_구매 #성공적인_첫걸음 #활동고객_인기상품 #최근_관심사_연관
39207,신규/비정기 고객,96.77%,6,"평균 13.8일, 최소 7일, 최대 23일","평균 31.0개, 최소 31개, 최대 31개",금:2; 일:2; 수:1; 화:1,1시:1; 12시:1; 13시:4,produce:19; dairy eggs:4; beverages:3; deli:2; snacks:1; pantry:1; breakfast:1,fresh vegetables:8; fresh fruits:7; juice nectars:2; lunch meat:2; packaged vegetables fruits:2; packaged cheese:2; fresh herbs:2; milk:1; chips pretzels:1; preserved dips spreads:1; specialty cheeses:1; cereal:1; water seltzer sparkling water:1,"Whole Grain Loaf; Mozzarella Ciliegine; Organic Garlic; Large Lemon; Organic Basil; Pepper Jack Cheese; Banana; Organic Red Radish, Bunch; Cheddar Cheese Medium; Organic D'Anjou Pears; Sparkling Natural Mineral Water; Basil Pesto; Organic Spring Mix; Seedless Red Grapes; Organic Cucumber; Telera Rolls; Milk, Vitamin D; Organic Blue Corn Tortilla Chips; Organic Small Bunch Celery; 100% Whole Wheat Bread; Fresh Cauliflower; Limes; Organic Hass Avocado; Organic Navel Orange; Organic Large Extra Fancy Fuji Apple; Firm Tofu; Cucumber & Garlic  Tzatziki; Red Peppers",Organic Cucumber,0.1,0.03571428571428571,9,Apple Honeycrisp Organic,58.6점,#비슷한취향_12명_구매 #성공적인_첫걸음 #활동고객_인기상품 #최근_관심사_연관
39207,신규/비정기 고객,96.77%,6,"평균 13.8일, 최소 7일, 최대 23일","평균 31.0개, 최소 31개, 최대 31개",금:2; 일:2; 수:1; 화:1,1시:1; 12시:1; 13시:4,produce:19; dairy eggs:4; beverages:3; deli:2; snacks:1; pantry:1; breakfast:1,fresh vegetables:8; fresh fruits:7; juice nectars:2; lunch meat:2; packaged vegetables fruits:2; packaged cheese:2; fresh herbs:2; milk:1; chips pretzels:1; preserved dips spreads:1; specialty cheeses:1; cereal:1; water seltzer sparkling water:1,"Whole Grain Loaf; Mozzarella Ciliegine; Organic Garlic; Large Lemon; Organic Basil; Pepper Jack Cheese; Banana; Organic Red Radish, Bunch; Cheddar Cheese Medium; Organic D'Anjou Pears; Sparkling Natural Mineral Water; Basil Pesto; Organic Spring Mix; Seedless Red Grapes; Organic Cucumber; Telera Rolls; Milk, Vitamin D; Organic Blue Corn Tortilla Chips; Organic Small Bunch Celery; 100% Whole Wheat Bread; Fresh Cauliflower; Limes; Organic Hass Avocado; Organic Navel Orange; Organic Large Extra Fancy Fuji Apple; Firm Tofu; Cucumber & Garlic  Tzatziki; Red Peppers",Organic Cucumber,0.1,0.03571428571428571,10,Organic Cucumber,58.2점,#비슷한취향_11명_구매 #성공적인_첫걸음 #활동고객_인기상품 #최근_관심사_연관
39363,신규/비정기 고객,63.64%,8,"평균 10.9일, 최소 4일, 최대 26일","평균 11.0개, 최소 11개, 최대 11개",목:3; 화:2; 수:2; 월:1,9시:1; 14시:1; 15시:3; 16시:2; 17시:1,dairy eggs:2; produce:2; pantry:1; beverages:1; missing:1; snacks:1; frozen:1; meat seafood:1; dry goods pasta:1,milk:1; spreads:1; water seltzer sparkling water:1; yogurt:1; missing:1; packaged vegetables fruits:1; fresh vegetables:1; chips pretzels:1; ice cream ice:1; hot dogs bacon sausage:1; pasta sauce:1,Organic Creamy Peanut Butter; Organic Whole Milk; Mild Diced Green Chiles; Ice Cream Chocolate Peanut Butter Cup; Lemon Yogurt; Organic Whole Kernel Sweet Corn No Salt Added; Club Soda; Grassmilk Raw Sharp Cheddar Cheese; Coconut Yoghurt,Organic Whole Milk,0.1,0.09090909090909091,1,Banana,95.4점,#비슷한취향_133명_구매 #성공적인_첫걸음 #활동고객_인기상품 #최근_관심사_연관
39363,신규/비정기 고객,63.64%,8,"평균 10.9일, 최소 4일, 최대 26일","평균 11.0개, 최소 11개, 최대 11개",목:3; 화:2; 수:2; 월:1,9시:1; 14시:1; 15시:3; 16시:2; 17시:1,dairy eggs:2; produce:2; pantry:1; beverages:1; missing:1; snacks:1; frozen:1; meat seafood:1; dry goods pasta:1,milk:1; spreads:1; water seltzer sparkling water:1; yogurt:1; missing:1; packaged vegetables fruits:1; fresh vegetables:1; chips pretzels:1; ice cream ice:1; hot dogs bacon sausage:1; pasta sauce:1,Organic Creamy Peanut Butter; Organic Whole Milk; Mild Diced Green Chiles; Ice Cream Chocolate Peanut Butter Cup; Lemon Yogurt; Organic Whole Kernel Sweet Corn No Salt Added; Club Soda; Grassmilk Raw Sharp Cheddar Cheese; Coconut Yoghurt,Organic Whole Milk,0.1,0.09090909090909091,2,Honeycrisp Apple,64.0점,#비슷한취향_36명_구매 #성공적인_첫걸음 #활동고객_인기상품 #최근_관심사_연관
39363,신규/비정기 고객,63.64%,8,"평균 10.9일, 최소 4일, 최대 26일","평균 11.0개, 최소 11개, 최대 11개",목:3; 화:2; 수:2; 월:1,9시:1; 14시:1; 15시:3; 16시:2; 17시:1,dairy eggs:2; produce:2; pantry:1; beverages:1; missing:1; snacks:1; frozen:1; meat seafood:1; dry goods pasta:1,milk:1; spreads:1; water seltzer sparkling water:1; yogurt:1; missing:1; packaged vegetables fruits:1; fresh vegetables:1; chips pretzels:1; ice cream ice:1; hot dogs bacon sausage:1; pasta sauce:1,Organic Creamy Peanut Butter; Organic Whole Milk; Mild Diced Green Chiles; Ice Cream Chocolate Peanut Butter Cup; Lemon Yogurt; Organic Whole Kernel Sweet Corn No Salt Added; Club Soda; Grassmilk Raw Sharp Cheddar Cheese; Coconut Yoghurt,Organic Whole Milk,0.1,0.09090909090909091,3,Organic Strawberries,63.9점,#비슷한취향_22명_구매 #성공적인_첫걸음 #활동고객_인기상품 #최근_관심사_연관
39363,신규/비정기 고객,63.64%,8,"평균 10.9일, 최소 4일, 최대 26일","평균 11.0개, 최소 11개, 최대 11개",목:3; 화:2; 수:2; 월:1,9시:1; 14시:1; 15시:3; 16시:2; 17시:1,dairy eggs:2; produce:2; pantry:1; beverages:1; missing:1; snacks:1; frozen:1; meat seafood:1; dry goods pasta:1,milk:1; spreads:1; water seltzer sparkling water:1; yogurt:1; missing:1; packaged vegetables fruits:1; fresh vegetables:1; chips pretzels:1; ice cream ice:1; hot dogs bacon sausage:1; pasta sauce:1,Organic Creamy Peanut Butter; Organic Whole Milk; Mild Diced Green Chiles; Ice Cream Chocolate Peanut Butter Cup; Lemon Yogurt; Organic Whole Kernel Sweet Corn No Salt Added; Club Soda; Grassmilk Raw Sharp Cheddar Cheese; Coconut Yoghurt,Organic Whole Milk,0.1,0.09090909090909091,4,Organic Baby Spinach,63.2점,#비슷한취향_20명_구매 #성공적인_첫걸음 #활동고객_인기상품 #최근_관심사_연관
39363,신규/비정기 고객,63.64%,8,"평균 10.9일, 최소 4일, 최대 26일","평균 11.0개, 최소 11개, 최대 11개",목:3; 화:2; 수:2; 월:1,9시:1; 14시:1; 15시:3; 16시:2; 17시:1,dairy eggs:2; produce:2; pantry:1; beverages:1; missing:1; snacks:1; frozen:1; meat seafood:1; dry goods pasta:1,milk:1; spreads:1; water seltzer sparkling water:1; yogurt:1; missing:1; packaged vegetables fruits:1; fresh vegetables:1; chips pretzels:1; ice cream ice:1; hot dogs bacon sausage:1; pasta sauce:1,Organic Creamy Peanut Butter; Organic Whole Milk; Mild Diced Green Chiles; Ice Cream Chocolate Peanut Butter Cup; Lemon Yogurt; Organic Whole Kernel Sweet Corn No Salt Added; Club Soda; Grassmilk Raw Sharp Cheddar Cheese; Coconut Yoghurt,Organic Whole Milk,0.1,0.09090909090909091,5,Organic Hass Avocado,62.6점,#비슷한취향_22명_구매 #성공적인_첫걸음 #활동고객_인기상품 #최근_관심사_연관
39363,신규/비정기 고객,63.64%,8,"평균 10.9일, 최소 4일, 최대 26일","평균 11.0개, 최소 11개, 최대 11개",목:3; 화:2; 수:2; 월:1,9시:1; 14시:1; 15시:3; 16시:2; 17시:1,dairy eggs:2; produce:2; pantry:1; beverages:1; missing:1; snacks:1; frozen:1; meat seafood:1; dry goods pasta:1,milk:1; spreads:1; water seltzer sparkling water:1; yogurt:1; missing:1; packaged vegetables fruits:1; fresh vegetables:1; chips pretzels:1; ice cream ice:1; hot dogs bacon sausage:1; pasta sauce:1,Organic Creamy Peanut Butter; Organic Whole Milk; Mild Diced Green Chiles; Ice Cream Chocolate Peanut Butter Cup; Lemon Yogurt; Organic Whole Kernel Sweet Corn No Salt Added; Club Soda; Grassmilk Raw Sharp Cheddar Cheese; Coconut Yoghurt,Organic Whole Milk,0.1,0.09090909090909091,6,Organic Avocado,61.6점,#비슷한취향_15명_구매 #성공적인_첫걸음 #활동고객_인기상품 #최근_관심사_연관
39363,신규/비정기 고객,63.64%,8,"평균 10.9일, 최소 4일, 최대 26일","평균 11.0개, 최소 11개, 최대 11개",목:3; 화:2; 수:2; 월:1,9시:1; 14시:1; 15시:3; 16시:2; 17시:1,dairy eggs:2; produce:2; pantry:1; beverages:1; missing:1; snacks:1; frozen:1; meat seafood:1; dry goods pasta:1,milk:1; spreads:1; water seltzer sparkling water:1; yogurt:1; missing:1; packaged vegetables fruits:1; fresh vegetables:1; chips pretzels:1; ice cream ice:1; hot dogs bacon sausage:1; pasta sauce:1,Organic Creamy Peanut Butter; Organic Whole Milk; Mild Diced Green Chiles; Ice Cream Chocolate Peanut Butter Cup; Lemon Yogurt; Organic Whole Kernel Sweet Corn No Salt Added; Club Soda; Grassmilk Raw Sharp Cheddar Cheese; Coconut Yoghurt,Organic Whole Milk,0.1,0.09090909090909091,7,Bag of Organic Bananas,60.0점,#비슷한취향_6명_구매 #성공적인_첫걸음 #활동고객_인기상품 #최근_관심사_연관
39363,신규/비정기 고객,63.64%,8,"평균 10.9일, 최소 4일, 최대 26일","평균 11.0개, 최소 11개, 최대 11개",목:3; 화:2; 수:2; 월:1,9시:1; 14시:1; 15시:3; 16시:2; 17시:1,dairy eggs:2; produce:2; pantry:1; beverages:1; missing:1; snacks:1; frozen:1; meat seafood:1; dry goods pasta:1,milk:1; spreads:1; water seltzer sparkling water:1; yogurt:1; missing:1; packaged vegetables fruits:1; fresh vegetables:1; chips pretzels:1; ice cream ice:1; hot dogs bacon sausage:1; pasta sauce:1,Organic Creamy Peanut Butter; Organic Whole Milk; Mild Diced Green Chiles; Ice Cream Chocolate Peanut Butter Cup; Lemon Yogurt; Organic Whole Kernel Sweet Corn No Salt Added; Club Soda; Grassmilk Raw Sharp Cheddar Cheese; Coconut Yoghurt,Organic Whole Milk,0.1,0.09090909090909091,8,Organic Whole Milk,59.9점,#비슷한취향_19명_구매 #성공적인_첫걸음 #활동고객_인기상품 #최근_관심사_연관
39363,신규/비정기 고객,63.64%,8,"평균 10.9일, 최소 4일, 최대 26일","평균 11.0개, 최소 11개, 최대 11개",목:3; 화:2; 수:2; 월:1,9시:1; 14시:1; 15시:3; 16시:2; 17시:1,dairy eggs:2; produce:2; pantry:1; beverages:1; missing:1; snacks:1; frozen:1; meat seafood:1; dry goods pasta:1,milk:1; spreads:1; water seltzer sparkling water:1; yogurt:1; missing:1; packaged vegetables fruits:1; fresh vegetables:1; chips pretzels:1; ice cream ice:1; hot dogs bacon sausage:1; pasta sauce:1,Organic Creamy Peanut Butter; Organic Whole Milk; Mild Diced Green Chiles; Ice Cream Chocolate Peanut Butter Cup; Lemon Yogurt; Organic Whole Kernel Sweet Corn No Salt Added; Club Soda; Grassmilk Raw Sharp Cheddar Cheese; Coconut Yoghurt,Organic Whole Milk,0.1,0.09090909090909091,9,Large Lemon,59.6점,#비슷한취향_12명_구매 #성공적인_첫걸음 #활동고객_인기상품 #최근_관심사_연관
39363,신규/비정기 고객,63.64%,8,"평균 10.9일, 최소 4일, 최대 26일","평균 11.0개, 최소 11개, 최대 11개",목:3; 화:2; 수:2; 월:1,9시:1; 14시:1; 15시:3; 16시:2; 17시:1,dairy eggs:2; produce:2; pantry:1; beverages:1; missing:1; snacks:1; frozen:1; meat seafood:1; dry goods pasta:1,milk:1; spreads:1; water seltzer sparkling water:1; yogurt:1; missing:1; packaged vegetables fruits:1; fresh vegetables:1; chips pretzels:1; ice cream ice:1; hot dogs bacon sausage:1; pasta sauce:1,Organic Creamy Peanut Butter; Organic Whole Milk; Mild Diced Green Chiles; Ice Cream Chocolate Peanut Butter Cup; Lemon Yogurt; Organic Whole Kernel Sweet Corn No Salt Added; Club Soda; Grassmilk Raw Sharp Cheddar Cheese; Coconut Yoghurt,Organic Whole Milk,0.1,0.09090909090909091,10,Limes,59.2점,#비슷한취향_12명_구매 #성공적인_첫걸음 #활동고객_인기상품 #최근_관심사_연관
98702,신규/비정기 고객,0.00%,7,"평균 10.0일, 최소 5일, 최대 16일","평균 13.0개, 최소 13개, 최대 13개",수:2; 화:2; 목:1; 월:1; 일:1,10시:1; 14시:2; 15시:3; 16시:1,produce:5; dairy eggs:3; frozen:2; snacks:1; dry goods pasta:1; pantry:1,fresh fruits:3; frozen produce:2; fresh vegetables:2; milk:1; packaged cheese:1; crackers:1; dry pasta:1; condiments:1; eggs:1,"Large Alfresco Eggs; Organic Whole Milk; Mango Chunks; Super Spinach! Baby Spinach, Baby Bok Choy, Sweet Baby Kale; Organic Whole Strawberries; Organic Canola Oil; Organic Fat Free Milk; Pecan Nut & Rice Cracker Snacks; Green Bell Pepper; Banana; Special Reserve Extra Sharp Cheddar Cheese; Oyster Crackers",Organic Whole Milk,0.1,0.07692307692307693,1,Bag of Organic Bananas,67.9점,#비슷한취향_30명_구매 #성공적인_첫걸음 #활동고객_인기상품 #최근_관심사_연관
98702,신규/비정기 고객,0.00%,7,"평균 10.0일, 최소 5일, 최대 16일","평균 13.0개, 최소 13개, 최대 13개",수:2; 화:2; 목:1; 월:1; 일:1,10시:1; 14시:2; 15시:3; 16시:1,produce:5; dairy eggs:3; frozen:2; snacks:1; dry goods pasta:1; pantry:1,fresh fruits:3; frozen produce:2; fresh vegetables:2; milk:1; packaged cheese:1; crackers:1; dry pasta:1; condiments:1; eggs:1,"Large Alfresco Eggs; Organic Whole Milk; Mango Chunks; Super Spinach! Baby Spinach, Baby Bok Choy, Sweet Baby Kale; Organic Whole Strawberries; Organic Canola Oil; Organic Fat Free Milk; Pecan Nut & Rice Cracker Snacks; Green Bell Pepper; Banana; Special Reserve Extra Sharp Cheddar Cheese; Oyster Crackers",Organic Whole Milk,0.1,0.07692307692307693,2,Organic Strawberries,67.5점,#비슷한취향_30명_구매 #성공적인_첫걸음 #활동고객_인기상품 #최근_관심사_연관
98702,신규/비정기 고객,0.00%,7,"평균 10.0일, 최소 5일, 최대 16일","평균 13.0개, 최소 13개, 최대 13개",수:2; 화:2; 목:1; 월:1; 일:1,10시:1; 14시:2; 15시:3; 16시:1,produce:5; dairy eggs:3; frozen:2; snacks:1; dry goods pasta:1; pantry:1,fresh fruits:3; frozen produce:2; fresh vegetables:2; milk:1; packaged cheese:1; crackers:1; dry pasta:1; condiments:1; eggs:1,"Large Alfresco Eggs; Organic Whole Milk; Mango Chunks; Super Spinach! Baby Spinach, Baby Bok Choy, Sweet Baby Kale; Organic Whole Strawberries; Organic Canola Oil; Organic Fat Free Milk; Pecan Nut & Rice Cracker Snacks; Green Bell Pepper; Banana; Special Reserve Extra Sharp Cheddar Cheese; Oyster Crackers",Organic Whole Milk,0.1,0.07692307692307693,3,Organic Baby Spinach,66.1점,#비슷한취향_25명_구매 #성공적인_첫걸음 #활동고객_인기상품 #최근_관심사_연관
98702,신규/비정기 고객,0.00%,7,"평균 10.0일, 최소 5일, 최대 16일","평균 13.0개, 최소 13개, 최대 13개",수:2; 화:2; 목:1; 월:1; 일:1,10시:1; 14시:2; 15시:3; 16시:1,produce:5; dairy eggs:3; frozen:2; snacks:1; dry goods pasta:1; pantry:1,fresh fruits:3; frozen produce:2; fresh vegetables:2; milk:1; packaged cheese:1; crackers:1; dry pasta:1; condiments:1; eggs:1,"Large Alfresco Eggs; Organic Whole Milk; Mango Chunks; Super Spinach! Baby Spinach, Baby Bok Choy, Sweet Baby Kale; Organic Whole Strawberries; Organic Canola Oil; Organic Fat Free Milk; Pecan Nut & Rice Cracker Snacks; Green Bell Pepper; Banana; Special Reserve Extra Sharp Cheddar Cheese; Oyster Crackers",Organic Whole Milk,0.1,0.07692307692307693,4,Organic Hass Avocado,62.5점,#비슷한취향_16명_구매 #성공적인_첫걸음 #활동고객_인기상품 #최근_관심사_연관
98702,신규/비정기 고객,0.00%,7,"평균 10.0일, 최소 5일, 최대 16일","평균 13.0개, 최소 13개, 최대 13개",수:2; 화:2; 목:1; 월:1; 일:1,10시:1; 14시:2; 15시:3; 16시:1,produce:5; dairy eggs:3; frozen:2; snacks:1; dry goods pasta:1; pantry:1,fresh fruits:3; frozen produce:2; fresh vegetables:2; milk:1; packaged cheese:1; crackers:1; dry pasta:1; condiments:1; eggs:1,"Large Alfresco Eggs; Organic Whole Milk; Mango Chunks; Super Spinach! Baby Spinach, Baby Bok Choy, Sweet Baby Kale; Organic Whole Strawberries; Organic Canola Oil; Organic Fat Free Milk; Pecan Nut & Rice Cracker Snacks; Green Bell Pepper; Banana; Special Reserve Extra Sharp Cheddar Cheese; Oyster Crackers",Organic Whole Milk,0.1,0.07692307692307693,5,Limes,60.9점,#비슷한취향_13명_구매 #성공적인_첫걸음 #활동고객_인기상품 #최근_관심사_연관
98702,신규/비정기 고객,0.00%,7,"평균 10.0일, 최소 5일, 최대 16일","평균 13.0개, 최소 13개, 최대 13개",수:2; 화:2; 목:1; 월:1; 일:1,10시:1; 14시:2; 15시:3; 16시:1,produce:5; dairy eggs:3; frozen:2; snacks:1; dry goods pasta:1; pantry:1,fresh fruits:3; frozen produce:2; fresh vegetables:2; milk:1; packaged cheese:1; crackers:1; dry pasta:1; condiments:1; eggs:1,"Large Alfresco Eggs; Organic Whole Milk; Mango Chunks; Super Spinach! Baby Spinach, Baby Bok Choy, Sweet Baby Kale; Organic Whole Strawberries; Organic Canola Oil; Organic Fat Free Milk; Pecan Nut & Rice Cracker Snacks; Green Bell Pepper; Banana; Special Reserve Extra Sharp Cheddar Cheese; Oyster Crackers",Organic Whole Milk,0.1,0.07692307692307693,6,Organic Zucchini,60.8점,#비슷한취향_11명_구매 #성공적인_첫걸음 #활동고객_인기상품 #최근_관심사_연관
98702,신규/비정기 고객,0.00%,7,"평균 10.0일, 최소 5일, 최대 16일","평균 13.0개, 최소 13개, 최대 13개",수:2; 화:2; 목:1; 월:1; 일:1,10시:1; 14시:2; 15시:3; 16시:1,produce:5; dairy eggs:3; frozen:2; snacks:1; dry goods pasta:1; pantry:1,fresh fruits:3; frozen produce:2; fresh vegetables:2; milk:1; packaged cheese:1; crackers:1; dry pasta:1; condiments:1; eggs:1,"Large Alfresco Eggs; Organic Whole Milk; Mango Chunks; Super Spinach! Baby Spinach, Baby Bok Choy, Sweet Baby Kale; Organic Whole Strawberries; Organic Canola Oil; Organic Fat Free Milk; Pecan Nut & Rice Cracker Snacks; Green Bell Pepper; Banana; Special Reserve Extra Sharp Cheddar Cheese; Oyster Crackers",Organic Whole Milk,0.1,0.07692307692307693,7,Large Lemon,60.7점,#비슷한취향_11명_구매 #성공적인_첫걸음 #활동고객_인기상품 #최근_관심사_연관
98702,신규/비정기 고객,0.00%,7,"평균 10.0일, 최소 5일, 최대 16일","평균 13.0개, 최소 13개, 최대 13개",수:2; 화:2; 목:1; 월:1; 일:1,10시:1; 14시:2; 15시:3; 16시:1,produce:5; dairy eggs:3; frozen:2; snacks:1; dry goods pasta:1; pantry:1,fresh fruits:3; frozen produce:2; fresh vegetables:2; milk:1; packaged cheese:1; crackers:1; dry pasta:1; condiments:1; eggs:1,"Large Alfresco Eggs; Organic Whole Milk; Mango Chunks; Super Spinach! Baby Spinach, Baby Bok Choy, Sweet Baby Kale; Organic Whole Strawberries; Organic Canola Oil; Organic Fat Free Milk; Pecan Nut & Rice Cracker Snacks; Green Bell Pepper; Banana; Special Reserve Extra Sharp Cheddar Cheese; Oyster Crackers",Organic Whole Milk,0.1,0.07692307692307693,8,Organic Whole Milk,59.9점,#비슷한취향_14명_구매 #성공적인_첫걸음 #활동고객_인기상품 #최근_관심사_연관
98702,신규/비정기 고객,0.00%,7,"평균 10.0일, 최소 5일, 최대 16일","평균 13.0개, 최소 13개, 최대 13개",수:2; 화:2; 목:1; 월:1; 일:1,10시:1; 14시:2; 15시:3; 16시:1,produce:5; dairy eggs:3; frozen:2; snacks:1; dry goods pasta:1; pantry:1,fresh fruits:3; frozen produce:2; fresh vegetables:2; milk:1; packaged cheese:1; crackers:1; dry pasta:1; condiments:1; eggs:1,"Large Alfresco Eggs; Organic Whole Milk; Mango Chunks; Super Spinach! Baby Spinach, Baby Bok Choy, Sweet Baby Kale; Organic Whole Strawberries; Organic Canola Oil; Organic Fat Free Milk; Pecan Nut & Rice Cracker Snacks; Green Bell Pepper; Banana; Special Reserve Extra Sharp Cheddar Cheese; Oyster Crackers",Organic Whole Milk,0.1,0.07692307692307693,9,Organic Raspberries,59.5점,#비슷한취향_8명_구매 #활동고객_인기상품 #최근_관심사_연관
98702,신규/비정기 고객,0.00%,7,"평균 10.0일, 최소 5일, 최대 16일","평균 13.0개, 최소 13개, 최대 13개",수:2; 화:2; 목:1; 월:1; 일:1,10시:1; 14시:2; 15시:3; 16시:1,produce:5; dairy eggs:3; frozen:2; snacks:1; dry goods pasta:1; pantry:1,fresh fruits:3; frozen produce:2; fresh vegetables:2; milk:1; packaged cheese:1; crackers:1; dry pasta:1; condiments:1; eggs:1,"Large Alfresco Eggs; Organic Whole Milk; Mango Chunks; Super Spinach! Baby Spinach, Baby Bok Choy, Sweet Baby Kale; Organic Whole Strawberries; Organic Canola Oil; Organic Fat Free Milk; Pecan Nut & Rice Cracker Snacks; Green Bell Pepper; Banana; Special Reserve Extra Sharp Cheddar Cheese; Oyster Crackers",Organic Whole Milk,0.1,0.07692307692307693,10,Organic Grape Tomatoes,58.9점,#비슷한취향_12명_구매 #활동고객_인기상품 #최근_관심사_연관
163446,신규/비정기 고객,0.00%,10,"평균 16.1일, 최소 7일, 최대 30일","평균 10.0개, 최소 10개, 최대 10개",화:7; 월:3,6시:1; 8시:1; 15시:2; 16시:3; 17시:2; 20시:1,dairy eggs:3; produce:2; beverages:2; frozen:2; pantry:1,packaged cheese:1; yogurt:1; spreads:1; packaged vegetables fruits:1; refrigerated:1; fresh fruits:1; frozen breakfast:1; juice nectars:1; soy lactosefree:1; frozen meals:1,Trilogy Kombucha Drink; Asparagus; Italian Sparkling Mineral Water; Large Lemon; Pad Thai; Passionberry Bliss Kombucha Drink,Large Lemon,0.1,0.16666666666666666,1,Organic Avocado,76.7점,#비슷한취향_66명_구매 #성공적인_첫걸음 #활동고객_인기상품 #최근_관심사_연관
163446,신규/비정기 고객,0.00%,10,"평균 16.1일, 최소 7일, 최대 30일","평균 10.0개, 최소 10개, 최대 10개",화:7; 월:3,6시:1; 8시:1; 15시:2; 16시:3; 17시:2; 20시:1,dairy eggs:3; produce:2; beverages:2; frozen:2; pantry:1,packaged cheese:1; yogurt:1; spreads:1; packaged vegetables fruits:1; refrigerated:1; fresh fruits:1; frozen breakfast:1; juice nectars:1; soy lactosefree:1; frozen meals:1,Trilogy Kombucha Drink; Asparagus; Italian Sparkling Mineral Water; Large Lemon; Pad Thai; Passionberry Bliss Kombucha Drink,Large Lemon,0.1,0.16666666666666666,2,Large Lemon,74.9점,#비슷한취향_64명_구매 #성공적인_첫걸음 #활동고객_인기상품 #최근_관심사_연관
163446,신규/비정기 고객,0.00%,10,"평균 16.1일, 최소 7일, 최대 30일","평균 10.0개, 최소 10개, 최대 10개",화:7; 월:3,6시:1; 8시:1; 15시:2; 16시:3; 17시:2; 20시:1,dairy eggs:3; produce:2; beverages:2; frozen:2; pantry:1,packaged cheese:1; yogurt:1; spreads:1; packaged vegetables fruits:1; refrigerated:1; fresh fruits:1; frozen breakfast:1; juice nectars:1; soy lactosefree:1; frozen meals:1,Trilogy Kombucha Drink; Asparagus; Italian Sparkling Mineral Water; Large Lemon; Pad Thai; Passionberry Bliss Kombucha Drink,Large Lemon,0.1,0.16666666666666666,3,Organic Baby Spinach,65.8점,#비슷한취향_24명_구매 #성공적인_첫걸음 #활동고객_인기상품 #최근_관심사_연관
163446,신규/비정기 고객,0.00%,10,"평균 16.1일, 최소 7일, 최대 30일","평균 10.0개, 최소 10개, 최대 10개",화:7; 월:3,6시:1; 8시:1; 15시:2; 16시:3; 17시:2; 20시:1,dairy eggs:3; produce:2; beverages:2; frozen:2; pantry:1,packaged cheese:1; yogurt:1; spreads:1; packaged vegetables fruits:1; refrigerated:1; fresh fruits:1; frozen breakfast:1; juice nectars:1; soy lactosefree:1; frozen meals:1,Trilogy Kombucha Drink; Asparagus; Italian Sparkling Mineral Water; Large Lemon; Pad Thai; Passionberry Bliss Kombucha Drink,Large Lemon,0.1,0.16666666666666666,4,Bag of Organic Bananas,64.7점,#비슷한취향_18명_구매 #성공적인_첫걸음 #활동고객_인기상품 #최근_관심사_연관
163446,신규/비정기 고객,0.00%,10,"평균 16.1일, 최소 7일, 최대 30일","평균 10.0개, 최소 10개, 최대 10개",화:7; 월:3,6시:1; 8시:1; 15시:2; 16시:3; 17시:2; 20시:1,dairy eggs:3; produce:2; beverages:2; frozen:2; pantry:1,packaged cheese:1; yogurt:1; spreads:1; packaged vegetables fruits:1; refrigerated:1; fresh fruits:1; frozen breakfast:1; juice nectars:1; soy lactosefree:1; frozen meals:1,Trilogy Kombucha Drink; Asparagus; Italian Sparkling Mineral Water; Large Lemon; Pad Thai; Passionberry Bliss Kombucha Drink,Large Lemon,0.1,0.16666666666666666,5,Organic Strawberries,64.3점,#비슷한취향_18명_구매 #성공적인_첫걸음 #활동고객_인기상품 #최근_관심사_연관
163446,신규/비정기 고객,0.00%,10,"평균 16.1일, 최소 7일, 최대 30일","평균 10.0개, 최소 10개, 최대 10개",화:7; 월:3,6시:1; 8시:1; 15시:2; 16시:3; 17시:2; 20시:1,dairy eggs:3; produce:2; beverages:2; frozen:2; pantry:1,packaged cheese:1; yogurt:1; spreads:1; packaged vegetables fruits:1; refrigerated:1; fresh fruits:1; frozen breakfast:1; juice nectars:1; soy lactosefree:1; frozen meals:1,Trilogy Kombucha Drink; Asparagus; Italian Sparkling Mineral Water; Large Lemon; Pad Thai; Passionberry Bliss Kombucha Drink,Large Lemon,0.1,0.16666666666666666,6,Organic Zucchini,61.9점,#비슷한취향_15명_구매 #성공적인_첫걸음 #활동고객_인기상품 #최근_관심사_연관
163446,신규/비정기 고객,0.00%,10,"평균 16.1일, 최소 7일, 최대 30일","평균 10.0개, 최소 10개, 최대 10개",화:7; 월:3,6시:1; 8시:1; 15시:2; 16시:3; 17시:2; 20시:1,dairy eggs:3; produce:2; beverages:2; frozen:2; pantry:1,packaged cheese:1; yogurt:1; spreads:1; packaged vegetables fruits:1; refrigerated:1; fresh fruits:1; frozen breakfast:1; juice nectars:1; soy lactosefree:1; frozen meals:1,Trilogy Kombucha Drink; Asparagus; Italian Sparkling Mineral Water; Large Lemon; Pad Thai; Passionberry Bliss Kombucha Drink,Large Lemon,0.1,0.16666666666666666,7,Organic Hass Avocado,60.9점,#비슷한취향_10명_구매 #성공적인_첫걸음 #활동고객_인기상품 #최근_관심사_연관
163446,신규/비정기 고객,0.00%,10,"평균 16.1일, 최소 7일, 최대 30일","평균 10.0개, 최소 10개, 최대 10개",화:7; 월:3,6시:1; 8시:1; 15시:2; 16시:3; 17시:2; 20시:1,dairy eggs:3; produce:2; beverages:2; frozen:2; pantry:1,packaged cheese:1; yogurt:1; spreads:1; packaged vegetables fruits:1; refrigerated:1; fresh fruits:1; frozen breakfast:1; juice nectars:1; soy lactosefree:1; frozen meals:1,Trilogy Kombucha Drink; Asparagus; Italian Sparkling Mineral Water; Large Lemon; Pad Thai; Passionberry Bliss Kombucha Drink,Large Lemon,0.1,0.16666666666666666,8,Limes,60.9점,#비슷한취향_13명_구매 #성공적인_첫걸음 #활동고객_인기상품 #최근_관심사_연관
163446,신규/비정기 고객,0.00%,10,"평균 16.1일, 최소 7일, 최대 30일","평균 10.0개, 최소 10개, 최대 10개",화:7; 월:3,6시:1; 8시:1; 15시:2; 16시:3; 17시:2; 20시:1,dairy eggs:3; produce:2; beverages:2; frozen:2; pantry:1,packaged cheese:1; yogurt:1; spreads:1; packaged vegetables fruits:1; refrigerated:1; fresh fruits:1; frozen breakfast:1; juice nectars:1; soy lactosefree:1; frozen meals:1,Trilogy Kombucha Drink; Asparagus; Italian Sparkling Mineral Water; Large Lemon; Pad Thai; Passionberry Bliss Kombucha Drink,Large Lemon,0.1,0.16666666666666666,9,Organic Garlic,59.8점,#비슷한취향_14명_구매 #성공적인_첫걸음 #활동고객_인기상품 #최근_관심사_연관
163446,신규/비정기 고객,0.00%,10,"평균 16.1일, 최소 7일, 최대 30일","평균 10.0개, 최소 10개, 최대 10개",화:7; 월:3,6시:1; 8시:1; 15시:2; 16시:3; 17시:2; 20시:1,dairy eggs:3; produce:2; beverages:2; frozen:2; pantry:1,packaged cheese:1; yogurt:1; spreads:1; packaged vegetables fruits:1; refrigerated:1; fresh fruits:1; frozen breakfast:1; juice nectars:1; soy lactosefree:1; frozen meals:1,Trilogy Kombucha Drink; Asparagus; Italian Sparkling Mineral Water; Large Lemon; Pad Thai; Passionberry Bliss Kombucha Drink,Large Lemon,0.1,0.16666666666666666,10,Organic Lacinato (Dinosaur) Kale,59.6점,#비슷한취향_25명_구매 #활동고객_인기상품 #최근_관심사_연관
43384,이탈 위험 고객,9.09%,6,"평균 23.6일, 최소 7일, 최대 30일","평균 11.0개, 최소 11개, 최대 11개",일:5; 금:1,9시:1; 12시:1; 14시:2; 16시:1; 17시:1,produce:8; beverages:2; meat seafood:1,fresh vegetables:4; fresh herbs:3; tea:2; poultry counter:1; fresh fruits:1,Limes; Organic Garlic; Organic Red Onion; 2% Reduced Fat DHA Omega-3 Reduced Fat Milk; Apple Cinnamon Instant Oatmeal; Wild Wonders Gourmet Medley Tomatoes; Organic Gala Apples; Organic Persian Cucumber; Organic Lemon; 100% Whole Wheat Bread; Organic Avocado; Organic Spring Mix; Soy Free Buttery Spread with Olive Oil; Whole Hearts of Palm; Total 2% with Strawberry Lowfat Greek Strained Yogurt; Total 2% Lowfat Greek Strained Yogurt With Blueberry; Organic Tomato Cluster; Organic Kiwi,Organic Kiwi,0.1,0.05555555555555555,1,Banana,69.8점,#비슷한취향_37명_구매 #성공적인_첫걸음 #활동고객_인기상품 #최근_관심사_연관
43384,이탈 위험 고객,9.09%,6,"평균 23.6일, 최소 7일, 최대 30일","평균 11.0개, 최소 11개, 최대 11개",일:5; 금:1,9시:1; 12시:1; 14시:2; 16시:1; 17시:1,produce:8; beverages:2; meat seafood:1,fresh vegetables:4; fresh herbs:3; tea:2; poultry counter:1; fresh fruits:1,Limes; Organic Garlic; Organic Red Onion; 2% Reduced Fat DHA Omega-3 Reduced Fat Milk; Apple Cinnamon Instant Oatmeal; Wild Wonders Gourmet Medley Tomatoes; Organic Gala Apples; Organic Persian Cucumber; Organic Lemon; 100% Whole Wheat Bread; Organic Avocado; Organic Spring Mix; Soy Free Buttery Spread with Olive Oil; Whole Hearts of Palm; Total 2% with Strawberry Lowfat Greek Strained Yogurt; Total 2% Lowfat Greek Strained Yogurt With Blueberry; Organic Tomato Cluster; Organic Kiwi,Organic Kiwi,0.1,0.05555555555555555,2,Organic Strawberries,69.7점,#비슷한취향_44명_구매 #성공적인_첫걸음 #활동고객_인기상품 #최근_관심사_연관
43384,이탈 위험 고객,9.09%,6,"평균 23.6일, 최소 7일, 최대 30일","평균 11.0개, 최소 11개, 최대 11개",일:5; 금:1,9시:1; 12시:1; 14시:2; 16시:1; 17시:1,produce:8; beverages:2; meat seafood:1,fresh vegetables:4; fresh herbs:3; tea:2; poultry counter:1; fresh fruits:1,Limes; Organic Garlic; Organic Red Onion; 2% Reduced Fat DHA Omega-3 Reduced Fat Milk; Apple Cinnamon Instant Oatmeal; Wild Wonders Gourmet Medley Tomatoes; Organic Gala Apples; Organic Persian Cucumber; Organic Lemon; 100% Whole Wheat Bread; Organic Avocado; Organic Spring Mix; Soy Free Buttery Spread with Olive Oil; Whole Hearts of Palm; Total 2% with Strawberry Lowfat Greek Strained Yogurt; Total 2% Lowfat Greek Strained Yogurt With Blueberry; Organic Tomato Cluster; Organic Kiwi,Organic Kiwi,0.1,0.05555555555555555,3,Organic Baby Spinach,68.0점,#비슷한취향_38명_구매 #성공적인_첫걸음 #활동고객_인기상품 #최근_관심사_연관
43384,이탈 위험 고객,9.09%,6,"평균 23.6일, 최소 7일, 최대 30일","평균 11.0개, 최소 11개, 최대 11개",일:5; 금:1,9시:1; 12시:1; 14시:2; 16시:1; 17시:1,produce:8; beverages:2; meat seafood:1,fresh vegetables:4; fresh herbs:3; tea:2; poultry counter:1; fresh fruits:1,Limes; Organic Garlic; Organic Red Onion; 2% Reduced Fat DHA Omega-3 Reduced Fat Milk; Apple Cinnamon Instant Oatmeal; Wild Wonders Gourmet Medley Tomatoes; Organic Gala Apples; Organic Persian Cucumber; Organic Lemon; 100% Whole Wheat Bread; Organic Avocado; Organic Spring Mix; Soy Free Buttery Spread with Olive Oil; Whole Hearts of Palm; Total 2% with Strawberry Lowfat Greek Strained Yogurt; Total 2% Lowfat Greek Strained Yogurt With Blueberry; Organic Tomato Cluster; Organic Kiwi,Organic Kiwi,0.1,0.05555555555555555,4,Bag of Organic Bananas,68.0점,#비슷한취향_35명_구매 #성공적인_첫걸음 #활동고객_인기상품 #최근_관심사_연관
43384,이탈 위험 고객,9.09%,6,"평균 23.6일, 최소 7일, 최대 30일","평균 11.0개, 최소 11개, 최대 11개",일:5; 금:1,9시:1; 12시:1; 14시:2; 16시:1; 17시:1,produce:8; beverages:2; meat seafood:1,fresh vegetables:4; fresh herbs:3; tea:2; poultry counter:1; fresh fruits:1,Limes; Organic Garlic; Organic Red Onion; 2% Reduced Fat DHA Omega-3 Reduced Fat Milk; Apple Cinnamon Instant Oatmeal; Wild Wonders Gourmet Medley Tomatoes; Organic Gala Apples; Organic Persian Cucumber; Organic Lemon; 100% Whole Wheat Bread; Organic Avocado; Organic Spring Mix; Soy Free Buttery Spread with Olive Oil; Whole Hearts of Palm; Total 2% with Strawberry Lowfat Greek Strained Yogurt; Total 2% Lowfat Greek Strained Yogurt With Blueberry; Organic Tomato Cluster; Organic Kiwi,Organic Kiwi,0.1,0.05555555555555555,5,Organic Hass Avocado,62.8점,#비슷한취향_23명_구매 #성공적인_첫걸음 #활동고객_인기상품 #최근_관심사_연관
43384,이탈 위험 고객,9.09%,6,"평균 23.6일, 최소 7일, 최대 30일","평균 11.0개, 최소 11개, 최대 11개",일:5; 금:1,9시:1; 12시:1; 14시:2; 16시:1; 17시:1,produce:8; beverages:2; meat seafood:1,fresh vegetables:4; fresh herbs:3; tea:2; poultry counter:1; fresh fruits:1,Limes; Organic Garlic; Organic Red Onion; 2% Reduced Fat DHA Omega-3 Reduced Fat Milk; Apple Cinnamon Instant Oatmeal; Wild Wonders Gourmet Medley Tomatoes; Organic Gala Apples; Organic Persian Cucumber; Organic Lemon; 100% Whole Wheat Bread; Organic Avocado; Organic Spring Mix; Soy Free Buttery Spread with Olive Oil; Whole Hearts of Palm; Total 2% with Strawberry Lowfat Greek Strained Yogurt; Total 2% Lowfat Greek Strained Yogurt With Blueberry; Organic Tomato Cluster; Organic Kiwi,Organic Kiwi,0.1,0.05555555555555555,6,Organic Kiwi,62.7점,#비슷한취향_42명_구매 #성공적인_첫걸음 #활동고객_인기상품 #최근_관심사_연관
43384,이탈 위험 고객,9.09%,6,"평균 23.6일, 최소 7일, 최대 30일","평균 11.0개, 최소 11개, 최대 11개",일:5; 금:1,9시:1; 12시:1; 14시:2; 16시:1; 17시:1,produce:8; beverages:2; meat seafood:1,fresh vegetables:4; fresh herbs:3; tea:2; poultry counter:1; fresh fruits:1,Limes; Organic Garlic; Organic Red Onion; 2% Reduced Fat DHA Omega-3 Reduced Fat Milk; Apple Cinnamon Instant Oatmeal; Wild Wonders Gourmet Medley Tomatoes; Organic Gala Apples; Organic Persian Cucumber; Organic Lemon; 100% Whole Wheat Bread; Organic Avocado; Organic Spring Mix; Soy Free Buttery Spread with Olive Oil; Whole Hearts of Palm; Total 2% with Strawberry Lowfat Greek Strained Yogurt; Total 2% Lowfat Greek Strained Yogurt With Blueberry; Organic Tomato Cluster; Organic Kiwi,Organic Kiwi,0.1,0.05555555555555555,7,Organic Zucchini,61.0점,#비슷한취향_18명_구매 #성공적인_첫걸음 #활동고객_인기상품 #최근_관심사_연관
43384,이탈 위험 고객,9.09%,6,"평균 23.6일, 최소 7일, 최대 30일","평균 11.0개, 최소 11개, 최대 11개",일:5; 금:1,9시:1; 12시:1; 14시:2; 16시:1; 17시:1,produce:8; beverages:2; meat seafood:1,fresh vegetables:4; fresh herbs:3; tea:2; poultry counter:1; fresh fruits:1,Limes; Organic Garlic; Organic Red Onion; 2% Reduced Fat DHA Omega-3 Reduced Fat Milk; Apple Cinnamon Instant Oatmeal; Wild Wonders Gourmet Medley Tomatoes; Organic Gala Apples; Organic Persian Cucumber; Organic Lemon; 100% Whole Wheat Bread; Organic Avocado; Organic Spring Mix; Soy Free Buttery Spread with Olive Oil; Whole Hearts of Palm; Total 2% with Strawberry Lowfat Greek Strained Yogurt; Total 2% Lowfat Greek Strained Yogurt With Blueberry; Organic Tomato Cluster; Organic Kiwi,Organic Kiwi,0.1,0.05555555555555555,8,Organic Whole Milk,60.7점,#비슷한취향_22명_구매 #성공적인_첫걸음 #활동고객_인기상품 #최근_관심사_연관
43384,이탈 위험 고객,9.09%,6,"평균 23.6일, 최소 7일, 최대 30일","평균 11.0개, 최소 11개, 최대 11개",일:5; 금:1,9시:1; 12시:1; 14시:2; 16시:1; 17시:1,produce:8; beverages:2; meat seafood:1,fresh vegetables:4; fresh herbs:3; tea:2; poultry counter:1; fresh fruits:1,Limes; Organic Garlic; Organic Red Onion; 2% Reduced Fat DHA Omega-3 Reduced Fat Milk; Apple Cinnamon Instant Oatmeal; Wild Wonders Gourmet Medley Tomatoes; Organic Gala Apples; Organic Persian Cucumber; Organic Lemon; 100% Whole Wheat Bread; Organic Avocado; Organic Spring Mix; Soy Free Buttery Spread with Olive Oil; Whole Hearts of Palm; Total 2% with Strawberry Lowfat Greek Strained Yogurt; Total 2% Lowfat Greek Strained Yogurt With Blueberry; Organic Tomato Cluster; Organic Kiwi,Organic Kiwi,0.1,0.05555555555555555,9,Grated Parmesan,60.6점,#비슷한취향_37명_구매 #성공적인_첫걸음 #활동고객_인기상품 #최근_관심사_연관
43384,이탈 위험 고객,9.09%,6,"평균 23.6일, 최소 7일, 최대 30일","평균 11.0개, 최소 11개, 최대 11개",일:5; 금:1,9시:1; 12시:1; 14시:2; 16시:1; 17시:1,produce:8; beverages:2; meat seafood:1,fresh vegetables:4; fresh herbs:3; tea:2; poultry counter:1; fresh fruits:1,Limes; Organic Garlic; Organic Red Onion; 2% Reduced Fat DHA Omega-3 Reduced Fat Milk; Apple Cinnamon Instant Oatmeal; Wild Wonders Gourmet Medley Tomatoes; Organic Gala Apples; Organic Persian Cucumber; Organic Lemon; 100% Whole Wheat Bread; Organic Avocado; Organic Spring Mix; Soy Free Buttery Spread with Olive Oil; Whole Hearts of Palm; Total 2% with Strawberry Lowfat Greek Strained Yogurt; Total 2% Lowfat Greek Strained Yogurt With Blueberry; Organic Tomato Cluster; Organic Kiwi,Organic Kiwi,0.1,0.05555555555555555,10,Organic Raspberries,60.3점,#비슷한취향_17명_구매 #활동고객_인기상품 #최근_관심사_연관
56461,이탈 위험 고객,89.47%,14,"평균 18.1일, 최소 5일, 최대 30일","평균 19.0개, 최소 19개, 최대 19개",일:9; 화:2; 월:1; 수:1; 토:1,8시:1; 9시:1; 10시:1; 12시:1; 13시:1; 14시:3; 15시:4; 16시:2,snacks:4; dairy eggs:3; deli:3; produce:3; babies:2; beverages:2; frozen:1; bakery:1,energy granola bars:2; lunch meat:2; crackers:2; baby food formula:2; coffee:2; milk:1; fresh fruits:1; prepared meals:1; frozen breakfast:1; packaged vegetables fruits:1; bread:1; packaged cheese:1; fresh vegetables:1; other creams cheeses:1,Chives; Organic Golden Delicious Apple; Organic Whole Milk; Caramel Nut Brownie; Sunny Days Strawberry Snack Bars; Sweet Onions; Organic Sour Cream; Organic White Onions; Organic Baby Spinach; Honey Nut Cheerios; Organic Classic Rich Crackers; Grape White/Green Seedless; Roasted Mushroom Pizza; Go Lean Cereal; Organic Sunny Days Apple Snack Bars,Organic Baby Spinach,0.1,0.06666666666666667,1,Organic Avocado,76.3점,#비슷한취향_72명_구매 #성공적인_첫걸음 #활동고객_인기상품 #최근_관심사_연관
56461,이탈 위험 고객,89.47%,14,"평균 18.1일, 최소 5일, 최대 30일","평균 19.0개, 최소 19개, 최대 19개",일:9; 화:2; 월:1; 수:1; 토:1,8시:1; 9시:1; 10시:1; 12시:1; 13시:1; 14시:3; 15시:4; 16시:2,snacks:4; dairy eggs:3; deli:3; produce:3; babies:2; beverages:2; frozen:1; bakery:1,energy granola bars:2; lunch meat:2; crackers:2; baby food formula:2; coffee:2; milk:1; fresh fruits:1; prepared meals:1; frozen breakfast:1; packaged vegetables fruits:1; bread:1; packaged cheese:1; fresh vegetables:1; other creams cheeses:1,Chives; Organic Golden Delicious Apple; Organic Whole Milk; Caramel Nut Brownie; Sunny Days Strawberry Snack Bars; Sweet Onions; Organic Sour Cream; Organic White Onions; Organic Baby Spinach; Honey Nut Cheerios; Organic Classic Rich Crackers; Grape White/Green Seedless; Roasted Mushroom Pizza; Go Lean Cereal; Organic Sunny Days Apple Snack Bars,Organic Baby Spinach,0.1,0.06666666666666667,2,Banana,69.0점,#비슷한취향_34명_구매 #성공적인_첫걸음 #활동고객_인기상품 #최근_관심사_연관
56461,이탈 위험 고객,89.47%,14,"평균 18.1일, 최소 5일, 최대 30일","평균 19.0개, 최소 19개, 최대 19개",일:9; 화:2; 월:1; 수:1; 토:1,8시:1; 9시:1; 10시:1; 12시:1; 13시:1; 14시:3; 15시:4; 16시:2,snacks:4; dairy eggs:3; deli:3; produce:3; babies:2; beverages:2; frozen:1; bakery:1,energy granola bars:2; lunch meat:2; crackers:2; baby food formula:2; coffee:2; milk:1; fresh fruits:1; prepared meals:1; frozen breakfast:1; packaged vegetables fruits:1; bread:1; packaged cheese:1; fresh vegetables:1; other creams cheeses:1,Chives; Organic Golden Delicious Apple; Organic Whole Milk; Caramel Nut Brownie; Sunny Days Strawberry Snack Bars; Sweet Onions; Organic Sour Cream; Organic White Onions; Organic Baby Spinach; Honey Nut Cheerios; Organic Classic Rich Crackers; Grape White/Green Seedless; Roasted Mushroom Pizza; Go Lean Cereal; Organic Sunny Days Apple Snack Bars,Organic Baby Spinach,0.1,0.06666666666666667,3,Organic Baby Spinach,64.8점,#비슷한취향_26명_구매 #성공적인_첫걸음 #활동고객_인기상품 #최근_관심사_연관
56461,이탈 위험 고객,89.47%,14,"평균 18.1일, 최소 5일, 최대 30일","평균 19.0개, 최소 19개, 최대 19개",일:9; 화:2; 월:1; 수:1; 토:1,8시:1; 9시:1; 10시:1; 12시:1; 13시:1; 14시:3; 15시:4; 16시:2,snacks:4; dairy eggs:3; deli:3; produce:3; babies:2; beverages:2; frozen:1; bakery:1,energy granola bars:2; lunch meat:2; crackers:2; baby food formula:2; coffee:2; milk:1; fresh fruits:1; prepared meals:1; frozen breakfast:1; packaged vegetables fruits:1; bread:1; packaged cheese:1; fresh vegetables:1; other creams cheeses:1,Chives; Organic Golden Delicious Apple; Organic Whole Milk; Caramel Nut Brownie; Sunny Days Strawberry Snack Bars; Sweet Onions; Organic Sour Cream; Organic White Onions; Organic Baby Spinach; Honey Nut Cheerios; Organic Classic Rich Crackers; Grape White/Green Seedless; Roasted Mushroom Pizza; Go Lean Cereal; Organic Sunny Days Apple Snack Bars,Organic Baby Spinach,0.1,0.06666666666666667,4,Organic Strawberries,64.3점,#비슷한취향_24명_구매 #성공적인_첫걸음 #활동고객_인기상품 #최근_관심사_연관
56461,이탈 위험 고객,89.47%,14,"평균 18.1일, 최소 5일, 최대 30일","평균 19.0개, 최소 19개, 최대 19개",일:9; 화:2; 월:1; 수:1; 토:1,8시:1; 9시:1; 10시:1; 12시:1; 13시:1; 14시:3; 15시:4; 16시:2,snacks:4; dairy eggs:3; deli:3; produce:3; babies:2; beverages:2; frozen:1; bakery:1,energy granola bars:2; lunch meat:2; crackers:2; baby food formula:2; coffee:2; milk:1; fresh fruits:1; prepared meals:1; frozen breakfast:1; packaged vegetables fruits:1; bread:1; packaged cheese:1; fresh vegetables:1; other creams cheeses:1,Chives; Organic Golden Delicious Apple; Organic Whole Milk; Caramel Nut Brownie; Sunny Days Strawberry Snack Bars; Sweet Onions; Organic Sour Cream; Organic White Onions; Organic Baby Spinach; Honey Nut Cheerios; Organic Classic Rich Crackers; Grape White/Green Seedless; Roasted Mushroom Pizza; Go Lean Cereal; Organic Sunny Days Apple Snack Bars,Organic Baby Spinach,0.1,0.06666666666666667,5,Asparagus,62.8점,#비슷한취향_37명_구매 #활동고객_인기상품 #최근_관심사_연관
56461,이탈 위험 고객,89.47%,14,"평균 18.1일, 최소 5일, 최대 30일","평균 19.0개, 최소 19개, 최대 19개",일:9; 화:2; 월:1; 수:1; 토:1,8시:1; 9시:1; 10시:1; 12시:1; 13시:1; 14시:3; 15시:4; 16시:2,snacks:4; dairy eggs:3; deli:3; produce:3; babies:2; beverages:2; frozen:1; bakery:1,energy granola bars:2; lunch meat:2; crackers:2; baby food formula:2; coffee:2; milk:1; fresh fruits:1; prepared meals:1; frozen breakfast:1; packaged vegetables fruits:1; bread:1; packaged cheese:1; fresh vegetables:1; other creams cheeses:1,Chives; Organic Golden Delicious Apple; Organic Whole Milk; Caramel Nut Brownie; Sunny Days Strawberry Snack Bars; Sweet Onions; Organic Sour Cream; Organic White Onions; Organic Baby Spinach; Honey Nut Cheerios; Organic Classic Rich Crackers; Grape White/Green Seedless; Roasted Mushroom Pizza; Go Lean Cereal; Organic Sunny Days Apple Snack Bars,Organic Baby Spinach,0.1,0.06666666666666667,6,Large Lemon,60.8점,#비슷한취향_18명_구매 #성공적인_첫걸음 #활동고객_인기상품 #최근_관심사_연관
56461,이탈 위험 고객,89.47%,14,"평균 18.1일, 최소 5일, 최대 30일","평균 19.0개, 최소 19개, 최대 19개",일:9; 화:2; 월:1; 수:1; 토:1,8시:1; 9시:1; 10시:1; 12시:1; 13시:1; 14시:3; 15시:4; 16시:2,snacks:4; dairy eggs:3; deli:3; produce:3; babies:2; beverages:2; frozen:1; bakery:1,energy granola bars:2; lunch meat:2; crackers:2; baby food formula:2; coffee:2; milk:1; fresh fruits:1; prepared meals:1; frozen breakfast:1; packaged vegetables fruits:1; bread:1; packaged cheese:1; fresh vegetables:1; other creams cheeses:1,Chives; Organic Golden Delicious Apple; Organic Whole Milk; Caramel Nut Brownie; Sunny Days Strawberry Snack Bars; Sweet Onions; Organic Sour Cream; Organic White Onions; Organic Baby Spinach; Honey Nut Cheerios; Organic Classic Rich Crackers; Grape White/Green Seedless; Roasted Mushroom Pizza; Go Lean Cereal; Organic Sunny Days Apple Snack Bars,Organic Baby Spinach,0.1,0.06666666666666667,7,Limes,59.6점,#비슷한취향_14명_구매 #성공적인_첫걸음 #활동고객_인기상품 #최근_관심사_연관
56461,이탈 위험 고객,89.47%,14,"평균 18.1일, 최소 5일, 최대 30일","평균 19.0개, 최소 19개, 최대 19개",일:9; 화:2; 월:1; 수:1; 토:1,8시:1; 9시:1; 10시:1; 12시:1; 13시:1; 14시:3; 15시:4; 16시:2,snacks:4; dairy eggs:3; deli:3; produce:3; babies:2; beverages:2; frozen:1; bakery:1,energy granola bars:2; lunch meat:2; crackers:2; baby food formula:2; coffee:2; milk:1; fresh fruits:1; prepared meals:1; frozen breakfast:1; packaged vegetables fruits:1; bread:1; packaged cheese:1; fresh vegetables:1; other creams cheeses:1,Chives; Organic Golden Delicious Apple; Organic Whole Milk; Caramel Nut Brownie; Sunny Days Strawberry Snack Bars; Sweet Onions; Organic Sour Cream; Organic White Onions; Organic Baby Spinach; Honey Nut Cheerios; Organic Classic Rich Crackers; Grape White/Green Seedless; Roasted Mushroom Pizza; Go Lean Cereal; Organic Sunny Days Apple Snack Bars,Organic Baby Spinach,0.1,0.06666666666666667,8,Organic Hass Avocado,59.3점,#비슷한취향_10명_구매 #성공적인_첫걸음 #활동고객_인기상품 #최근_관심사_연관
56461,이탈 위험 고객,89.47%,14,"평균 18.1일, 최소 5일, 최대 30일","평균 19.0개, 최소 19개, 최대 19개",일:9; 화:2; 월:1; 수:1; 토:1,8시:1; 9시:1; 10시:1; 12시:1; 13시:1; 14시:3; 15시:4; 16시:2,snacks:4; dairy eggs:3; deli:3; produce:3; babies:2; beverages:2; frozen:1; bakery:1,energy granola bars:2; lunch meat:2; crackers:2; baby food formula:2; coffee:2; milk:1; fresh fruits:1; prepared meals:1; frozen breakfast:1; packaged vegetables fruits:1; bread:1; packaged cheese:1; fresh vegetables:1; other creams cheeses:1,Chives; Organic Golden Delicious Apple; Organic Whole Milk; Caramel Nut Brownie; Sunny Days Strawberry Snack Bars; Sweet Onions; Organic Sour Cream; Organic White Onions; Organic Baby Spinach; Honey Nut Cheerios; Organic Classic Rich Crackers; Grape White/Green Seedless; Roasted Mushroom Pizza; Go Lean Cereal; Organic Sunny Days Apple Snack Bars,Organic Baby Spinach,0.1,0.06666666666666667,9,Organic Zucchini,58.9점,#비슷한취향_10명_구매 #성공적인_첫걸음 #활동고객_인기상품 #최근_관심사_연관
56461,이탈 위험 고객,89.47%,14,"평균 18.1일, 최소 5일, 최대 30일","평균 19.0개, 최소 19개, 최대 19개",일:9; 화:2; 월:1; 수:1; 토:1,8시:1; 9시:1; 10시:1; 12시:1; 13시:1; 14시:3; 15시:4; 16시:2,snacks:4; dairy eggs:3; deli:3; produce:3; babies:2; beverages:2; frozen:1; bakery:1,energy granola bars:2; lunch meat:2; crackers:2; baby food formula:2; coffee:2; milk:1; fresh fruits:1; prepared meals:1; frozen breakfast:1; packaged vegetables fruits:1; bread:1; packaged cheese:1; fresh vegetables:1; other creams cheeses:1,Chives; Organic Golden Delicious Apple; Organic Whole Milk; Caramel Nut Brownie; Sunny Days Strawberry Snack Bars; Sweet Onions; Organic Sour Cream; Organic White Onions; Organic Baby Spinach; Honey Nut Cheerios; Organic Classic Rich Crackers; Grape White/Green Seedless; Roasted Mushroom Pizza; Go Lean Cereal; Organic Sunny Days Apple Snack Bars,Organic Baby Spinach,0.1,0.06666666666666667,10,Organic Raspberries,58.4점,#비슷한취향_10명_구매 #활동고객_인기상품 #최근_관심사_연관
